-- MySQL dump 10.13  Distrib 5.5.31, for debian-linux-gnu (x86_64)
--
-- Host: localhost    Database: codyweb
-- ------------------------------------------------------
-- Server version	5.5.31-0+wheezy1

/*!40101 SET @OLD_CHARACTER_SET_CLIENT=@@CHARACTER_SET_CLIENT */;
/*!40101 SET @OLD_CHARACTER_SET_RESULTS=@@CHARACTER_SET_RESULTS */;
/*!40101 SET @OLD_COLLATION_CONNECTION=@@COLLATION_CONNECTION */;
/*!40101 SET NAMES utf8 */;
/*!40103 SET @OLD_TIME_ZONE=@@TIME_ZONE */;
/*!40103 SET TIME_ZONE='+00:00' */;
/*!40014 SET @OLD_UNIQUE_CHECKS=@@UNIQUE_CHECKS, UNIQUE_CHECKS=0 */;
/*!40014 SET @OLD_FOREIGN_KEY_CHECKS=@@FOREIGN_KEY_CHECKS, FOREIGN_KEY_CHECKS=0 */;
/*!40101 SET @OLD_SQL_MODE=@@SQL_MODE, SQL_MODE='NO_AUTO_VALUE_ON_ZERO' */;
/*!40111 SET @OLD_SQL_NOTES=@@SQL_NOTES, SQL_NOTES=0 */;

--
-- Table structure for table `atoms`
--

DROP TABLE IF EXISTS `atoms`;
/*!40101 SET @saved_cs_client     = @@character_set_client */;
/*!40101 SET character_set_client = utf8 */;
CREATE TABLE `atoms` (
  `id` int(11) NOT NULL AUTO_INCREMENT,
  `parent` int(11) NOT NULL DEFAULT '0',
  `sortorder` int(11) DEFAULT '0',
  `name` varchar(64) NOT NULL DEFAULT '',
  `note` varchar(255) DEFAULT NULL,
  `extention` varchar(3) DEFAULT '',
  `created` datetime DEFAULT '0000-00-00 00:00:00',
  `updated` datetime DEFAULT '0000-00-00 00:00:00',
  PRIMARY KEY (`id`)
) ENGINE=InnoDB AUTO_INCREMENT=114 DEFAULT CHARSET=utf8;
/*!40101 SET character_set_client = @saved_cs_client */;

--
-- Dumping data for table `atoms`
--

LOCK TABLES `atoms` WRITE;
/*!40000 ALTER TABLE `atoms` DISABLE KEYS */;
INSERT INTO `atoms` VALUES (1,0,10,'Images','','','2012-07-09 14:18:36','2012-07-09 14:18:36'),(2,0,20,'Files','','','2012-07-09 14:18:36','2012-07-09 14:18:36'),(3,0,20,'Forms','','','2012-07-09 14:18:36','2012-07-09 14:18:36'),(4,0,10,'Layout','','','2010-01-01 00:00:00','2010-01-01 00:00:00'),(11,4,10,'Logo','','---','2010-01-01 00:00:00','2010-01-01 00:00:00'),(12,4,10,'Header','','---','2010-01-01 00:00:00','2010-01-01 00:00:00'),(13,4,10,'Footer','','---','2010-01-01 00:00:00','2010-01-01 00:00:00'),(21,1,10,'Screenshots','','','2013-06-20 15:44:28','2013-06-20 15:44:28'),(22,21,30,'Page editor','','','2013-06-20 15:44:28','2013-09-10 15:38:24'),(23,22,10,'New page','','','2013-06-20 15:44:28','2013-06-20 15:44:28'),(24,22,20,'Add content','','','2013-06-20 15:44:28','2013-06-20 15:44:28'),(31,2,10,'Tutorials','','','2013-06-20 15:44:28','2013-06-20 15:44:28'),(32,31,10,'Controller','','','2013-06-20 15:44:28','2013-06-20 15:44:28'),(33,2,20,'Pictures','','','2013-06-20 15:44:28','2013-06-20 15:44:28'),(34,2,30,'Logos','','','2013-06-20 15:44:28','2013-06-20 15:44:28'),(35,1,5,'Developers','','xxx','2013-09-02 16:49:04','2013-09-02 16:49:09'),(36,35,5,'Johan C','Screen Shot 2013-09-02 at 16.54.13','JPG','2013-09-02 16:49:13','2013-09-02 17:42:36'),(37,35,5,'Tim C','Bij afwezigheid','JPG','2013-09-02 20:21:39','2013-09-02 20:21:53'),(39,21,20,'basics','',NULL,'2013-09-10 14:51:31','2013-09-11 13:26:47'),(40,39,5,'1','1','JPG','2013-09-10 14:51:53','2013-09-10 14:53:06'),(41,39,5,'2','2','JPG','2013-09-10 14:51:58','2013-09-10 14:53:29'),(42,39,5,'3','3','JPG','2013-09-10 14:52:04','2013-09-10 14:53:46'),(43,39,5,'4','4','JPG','2013-09-10 14:52:06','2013-09-10 14:53:55'),(44,39,5,'5','5','jpg','2013-09-10 14:52:09','2013-09-10 14:54:02'),(45,39,5,'6','6','JPG','2013-09-10 14:52:16','2013-09-10 15:18:50'),(46,39,5,'7','7','JPG','2013-09-10 14:52:17','2013-09-10 14:54:27'),(47,39,5,'8','8','JPG','2013-09-10 14:52:18','2013-09-10 14:54:36'),(48,39,5,'9','9','JPG','2013-09-10 14:52:19','2013-09-10 14:54:44'),(49,39,5,'10','10','JPG','2013-09-10 14:52:22','2013-09-10 14:54:53'),(50,39,5,'11','11','JPG','2013-09-10 14:52:24','2013-09-10 14:55:01'),(51,39,5,'12','12','JPG','2013-09-10 14:52:26','2013-09-10 14:55:09'),(52,39,5,'13','13','JPG','2013-09-10 14:52:27','2013-09-10 14:55:16'),(53,39,5,'14','14','JPG','2013-09-10 14:52:28','2013-09-10 14:55:39'),(54,39,5,'15','15','JPG','2013-09-10 14:52:30','2013-09-10 14:55:47'),(55,39,5,'16','16','JPG','2013-09-10 14:52:31','2013-09-10 14:55:55'),(56,39,5,'17','17','jpg','2013-09-10 14:52:32','2013-09-10 14:56:02'),(57,39,5,'18','18','JPG','2013-09-10 14:52:33','2013-09-10 14:56:10'),(58,39,5,'19','19','jpg','2013-09-10 14:52:35','2013-09-10 14:56:18'),(59,39,5,'20','20','JPG','2013-09-10 14:52:37','2013-09-10 14:56:26'),(60,39,5,'21','21','JPG','2013-09-10 14:52:38','2013-09-10 14:56:34'),(61,39,5,'22','22','JPG','2013-09-10 14:52:39','2013-09-10 14:56:43'),(62,39,5,'23','23','jpg','2013-09-10 14:52:41','2013-09-10 14:56:52'),(63,39,5,'24','24.','JPG','2013-09-10 14:52:42','2013-09-10 14:57:03'),(64,39,5,'25','25','JPG','2013-09-10 14:52:43','2013-09-11 11:46:47'),(65,39,5,'26','26','JPG','2013-09-10 14:52:44','2013-09-10 14:57:23'),(66,39,5,'27','27','JPG','2013-09-10 14:52:46','2013-09-10 14:57:31'),(67,3,5,'Contact Us','','','2013-09-10 15:21:47','2013-09-10 15:21:53'),(68,67,5,'Naam','{\"name\":\"Naam\",\"labels\":{\"en\":\"Name\",\"nl\":\"Naam\"},\"generator\":1,\"options\":{\"required\":true},\"reader\":1}','---','2013-09-10 15:21:57','2013-09-10 15:22:12'),(69,67,5,'email','{\"name\":\"email\",\"labels\":{\"en\":\"email\",\"nl\":\"email\"},\"generator\":1,\"options\":{\"email\":true},\"reader\":2}','---','2013-09-10 15:22:17','2013-09-10 15:22:27'),(70,67,5,'Vraag','{\"name\":\"Vraag\",\"labels\":{\"en\":\"Question\",\"nl\":\"Vraag\"},\"generator\":2,\"options\":{\"cols\":\"50\",\"rows\":\"6\"},\"reader\":1}','---','2013-09-10 15:22:29','2013-09-22 21:21:42'),(71,21,10,'9.1','9.1','jpg','2013-09-10 15:32:34','2013-09-11 13:26:47'),(73,39,5,'9.2','9.2','jpg','2013-09-10 15:38:36','2013-09-10 15:39:14'),(74,39,5,'10.1','10.1','jpg','2013-09-10 15:52:35','2013-09-10 15:52:52'),(75,39,5,'13.1','13.1','jpg','2013-09-10 16:02:28','2013-09-10 16:02:38'),(76,39,5,'14.1','14.1','jpg','2013-09-10 16:51:44','2013-09-10 16:51:53'),(77,39,5,'14.2','14.2','jpg','2013-09-10 16:51:56','2013-09-10 16:52:04'),(78,39,5,'14.3','14.3','jpg','2013-09-10 16:52:09','2013-09-10 16:52:21'),(79,39,5,'14.4','14.4','jpg','2013-09-10 16:52:23','2013-09-10 16:52:34'),(80,21,5,'Customcontroller','','xxx','2013-09-11 13:29:36','2013-09-11 13:29:40'),(81,80,5,'1','1','JPG','2013-09-11 13:29:43','2013-09-11 13:30:40'),(82,80,5,'2','2','JPG','2013-09-11 13:29:49','2013-09-11 13:30:54'),(83,80,5,'3','3','JPG','2013-09-11 13:29:51','2013-09-11 13:31:00'),(84,80,5,'4','4','JPG','2013-09-11 13:29:53','2013-09-11 13:31:06'),(85,80,5,'5','5','JPG','2013-09-11 13:29:55','2013-09-11 13:31:12'),(86,80,5,'6','6','JPG','2013-09-11 13:29:56','2013-09-11 13:31:18'),(87,80,5,'7','7','JPG','2013-09-11 13:29:57','2013-09-11 13:31:24'),(88,80,5,'8','8','JPG','2013-09-11 13:29:58','2013-09-11 13:31:29'),(89,80,5,'9','9','JPG','2013-09-11 13:29:59','2013-09-11 13:31:35'),(90,80,5,'10','10','JPG','2013-09-11 13:30:00','2013-09-11 13:31:44'),(91,80,5,'11','11','JPG','2013-09-11 13:30:03','2013-09-11 13:31:50'),(92,80,5,'12','12','JPG','2013-09-11 13:30:05','2013-09-11 13:31:57'),(93,80,5,'13','13','JPG','2013-09-11 13:30:07','2013-09-11 13:32:03'),(94,80,5,'14','14','JPG','2013-09-11 13:30:08','2013-09-11 13:32:08'),(95,80,5,'15','15','JPG','2013-09-11 13:30:10','2013-09-11 13:32:20'),(96,80,5,'16','16','JPG','2013-09-11 13:30:11','2013-09-11 13:32:26'),(97,80,5,'17','17','JPG','2013-09-11 13:30:13','2013-09-11 13:32:32'),(98,80,5,'18','18','JPG','2013-09-11 13:30:15','2013-09-11 13:32:37'),(99,80,5,'19','19','JPG','2013-09-11 13:30:17','2013-09-11 13:32:43'),(100,21,5,'FAQ','','xxx','2013-09-11 16:58:21','2013-09-11 16:58:25'),(101,100,5,'1','1','JPG','2013-09-11 16:58:29','2013-09-11 16:58:56'),(102,100,5,'2','2','JPG','2013-09-11 16:58:37','2013-09-11 16:59:03'),(103,100,5,'3','3','JPG','2013-09-11 16:58:39','2013-09-11 16:59:10'),(104,21,5,'Database','','xxx','2013-09-22 19:43:56','2013-09-22 19:43:59'),(105,104,5,'Datastructures','Screen Shot 2013-09-22 at 19.44.39','JPG','2013-09-22 19:44:06','2013-09-22 19:44:43'),(106,104,5,'SQL Schema','Screen Shot 2013-09-22 at 19.53.11','JPG','2013-09-22 19:53:09','2013-09-22 19:53:31'),(107,31,5,'Documentation','','xxx','2013-09-22 19:54:53','2013-09-22 19:54:57'),(108,107,5,'SQL Schema','SQL Schema','pdf','2013-09-22 19:55:07','2013-09-22 19:55:21'),(109,1,5,'Examples','','xxx','2013-09-22 19:59:01','2013-09-22 19:59:04'),(110,109,5,'Sample 1','essen','JPG','2013-09-22 19:59:13','2013-09-22 19:59:25'),(111,109,5,'Sample 2','instadeal','JPG','2013-09-22 19:59:29','2013-09-22 19:59:39'),(112,109,5,'Sample 3','bok','JPG','2013-09-22 21:49:34','2013-09-22 21:51:46'),(113,109,5,'Sample 4','Stoerhuus','JPG','2013-09-22 21:53:29','2013-09-22 21:53:41');
/*!40000 ALTER TABLE `atoms` ENABLE KEYS */;
UNLOCK TABLES;

--
-- Table structure for table `content`
--

DROP TABLE IF EXISTS `content`;
/*!40101 SET @saved_cs_client     = @@character_set_client */;
/*!40101 SET character_set_client = utf8 */;
CREATE TABLE `content` (
  `id` int(11) NOT NULL AUTO_INCREMENT,
  `item` int(11) NOT NULL DEFAULT '0',
  `language` varchar(2) NOT NULL DEFAULT 'nl',
  `sortorder` int(11) DEFAULT '0',
  `intro` char(1) NOT NULL DEFAULT 'N',
  `kind` char(1) NOT NULL DEFAULT 'T',
  `atom` int(11) DEFAULT '0',
  `name` varchar(32) NOT NULL DEFAULT '',
  `data` text NOT NULL,
  PRIMARY KEY (`id`),
  KEY `item` (`item`,`language`)
) ENGINE=MyISAM AUTO_INCREMENT=214 DEFAULT CHARSET=utf8;
/*!40101 SET character_set_client = @saved_cs_client */;

--
-- Dumping data for table `content`
--

LOCK TABLES `content` WRITE;
/*!40000 ALTER TABLE `content` DISABLE KEYS */;
INSERT INTO `content` VALUES (1,97,'nl',10,'N','T',0,'Page Content','<p><span>Cody draagt zorg voor uw privacy. Lees deze Privacyverklaring om meer te weten te komen over de manier waarop persoonsgegevens worden ingezameld en verwerkt op deze website. In dit geval handelt Cody Howest daarbij steeds in overeenstemming met de bepalingen van de Belgische privacywet (Wet van 8 december 1992 tot bescherming van de persoonlijke levenssfeer ten opzichte van de verwerking van persoonsgegevens). De persoonlijke gegevens beperken zich enkel tot uw e-mailadres.</span></p>\n<p><span><strong>Verantwoordelijke</strong></span></p>\n<p><span>De verantwoordelijke voor de verwerking is Cody Howest; Rijselstraat 5, 8000 Brugge.</span></p>\n<p><span><strong>Kennisname</strong></span></p>\n<p><span>U kan van deze persoonsgegevens kennis nemen door een aanvraag te richten aan Cody Howest</span><span>(brief, fax of e-mail) en ze, indien nodig, doen verbeteren of verwijderen. Indien u niet gecontacteerd wenst te worden in het kader van email marketing, zullen uw gegevens op uw verzoek kosteloos uit de betrokken lijsten worden</span></p>\n<p><span><strong>Cookies</strong></span></p>\n<p><span>Wij gebruiken cookies om uw toekomstig bezoek aan onze site vlotter te laten verlopen. Een cookie is een klein stukje tekst dat op uw harde schijf wordt geplaatst. Cookies worden veel gebruikt om een hoger functionaliteit, en dus betere dienst, aan de bezoekers te kunnen aanbieden. [U kan het gebruik van cookies uitschakelen, al leidt dit er wel toe dat effecten opsommen die ten gevolge van het uitschakelen van cookies worden veroorzaakt.]</span></p>\n<p><span><strong>Veiligheid</strong></span></p>\n<p><span>Cody Howest verbindt zich ertoe om al de gepaste technische en organisatorische maatregelen te treffen om uw persoonsgegevens te beschermen tegen vernietiging, verlies, onbedoelde wijziging, beschadiging of openbaarmaking.</span></p>\n<p><span><strong>Toestemming</strong></span></p>\n<p><span>Door u akkoord te verklaren met deze voorwaarden en condities geeft u ook uw toestemming voor de verwerking van uw persoonsgegevens voor de doeleinden zoals hierboven beschreven.</span></p>'),(2,98,'nl',10,'N','T',0,'Page Content','<p><span>Door gebruik te maken van deze website verklaart u zich akkoord met onderstaande voorwaarden en condities.</span></p>\n<p><span><strong>1. Website</strong></span></p>\n<p>De eigenaar van deze website is&nbsp;<br /> Cody Howest,<br /> Rijselstraat 5<br /> 8000, Brugge,&nbsp;<br /> Belgi&euml;<br /> Tel: 32(0)50 xx,&nbsp;<br /> E-mail: info@howest.be&nbsp;<br />ON: xx</p>\n<p><span>Als u niet akkoord gaat met onderstaande voorwaarden wordt u verzocht de website te verlaten. Cody behoudt zich het recht voor deze voorwaarden periodisch aan te passen waarna de leden op de hoogte zullen worden gebracht van deze wijzigingen. Wanneer u na deze kennisgeving de website blijft gebruiken verklaart u zich akkoord met de doorgevoerde wijzigingen. Cody Howest&nbsp; kan eventueel andere diensten aanbieden aan de gebruikers van deze site. In dat geval zullen de geldende voorwaarden apart worden medegedeeld.</span></p>\n<p><span><strong>2. Toegankelijkheid</strong></span></p>\n<p><span>Cody Howest&nbsp; probeert zo goed als mogelijk de website 24 uur per dag toegankelijk te houden, nochtans kan het gebeuren dat de website ontoegankelijk is voor een korte periode omwille van onderhoudswerken, aanpassingen of technische redenen.</span></p>\n<p><span><strong>3. Verantwoordelijkheid</strong></span></p>\n<p><span>Cody Howest weerlegt elke verantwoordelijkheid met betrekking tot deze website en de aangeboden informatie. Cody Howest&nbsp; verzekert niet dat de informatie op deze website correct, compleet of actueel is. Alle informatie, producten en diensten op deze website kunnen fouten bevatten. De gebruiker wordt verzocht hiermee rekening te houden.</span></p>\n<div><span><br /></span></div>'),(3,97,'en',10,'N','T',0,'Page Content','<p><span>Cody draagt zorg voor uw privacy. Lees deze Privacyverklaring om meer te weten te komen over de manier waarop persoonsgegevens worden ingezameld en verwerkt op deze website. In dit geval handelt Cody Howest daarbij steeds in overeenstemming met de bepalingen van de Belgische privacywet (Wet van 8 december 1992 tot bescherming van de persoonlijke levenssfeer ten opzichte van de verwerking van persoonsgegevens). De persoonlijke gegevens beperken zich enkel tot uw e-mailadres.</span></p>\n<p><span><strong>Verantwoordelijke</strong></span></p>\n<p><span>De verantwoordelijke voor de verwerking is Cody Howest; Rijselstraat 5, 8000 Brugge.</span></p>\n<p><span><strong>Kennisname</strong></span></p>\n<p><span>U kan van deze persoonsgegevens kennis nemen door een aanvraag te richten aan Cody Howest</span><span>(brief, fax of e-mail) en ze, indien nodig, doen verbeteren of verwijderen. Indien u niet gecontacteerd wenst te worden in het kader van email marketing, zullen uw gegevens op uw verzoek kosteloos uit de betrokken lijsten worden</span></p>\n<p><span><strong>Cookies</strong></span></p>\n<p><span>Wij gebruiken cookies om uw toekomstig bezoek aan onze site vlotter te laten verlopen. Een cookie is een klein stukje tekst dat op uw harde schijf wordt geplaatst. Cookies worden veel gebruikt om een hoger functionaliteit, en dus betere dienst, aan de bezoekers te kunnen aanbieden. [U kan het gebruik van cookies uitschakelen, al leidt dit er wel toe dat effecten opsommen die ten gevolge van het uitschakelen van cookies worden veroorzaakt.]</span></p>\n<p><span><strong>Veiligheid</strong></span></p>\n<p><span>Cody Howest verbindt zich ertoe om al de gepaste technische en organisatorische maatregelen te treffen om uw persoonsgegevens te beschermen tegen vernietiging, verlies, onbedoelde wijziging, beschadiging of openbaarmaking.</span></p>\n<p><span><strong>Toestemming</strong></span></p>\n<p><span>Door u akkoord te verklaren met deze voorwaarden en condities geeft u ook uw toestemming voor de verwerking van uw persoonsgegevens voor de doeleinden zoals hierboven beschreven.</span></p>'),(4,98,'en',10,'N','T',0,'Page Content','<p><span>Door gebruik te maken van deze website verklaart u zich akkoord met onderstaande voorwaarden en condities.</span></p>\n<p><span><strong>1. Website</strong></span></p>\n<p>De eigenaar van deze website is&nbsp;<br /> Cody Howest,<br /> Rijselstraat 5<br /> 8000, Brugge,&nbsp;<br /> Belgi&euml;<br /> Tel: 32(0)50 xx,&nbsp;<br /> E-mail: info@howest.be&nbsp;<br />ON: xx</p>\n<p><span>Als u niet akkoord gaat met onderstaande voorwaarden wordt u verzocht de website te verlaten. Cody behoudt zich het recht voor deze voorwaarden periodisch aan te passen waarna de leden op de hoogte zullen worden gebracht van deze wijzigingen. Wanneer u na deze kennisgeving de website blijft gebruiken verklaart u zich akkoord met de doorgevoerde wijzigingen. Cody Howest&nbsp; kan eventueel andere diensten aanbieden aan de gebruikers van deze site. In dat geval zullen de geldende voorwaarden apart worden medegedeeld.</span></p>\n<p><span><strong>2. Toegankelijkheid</strong></span></p>\n<p><span>Cody Howest&nbsp; probeert zo goed als mogelijk de website 24 uur per dag toegankelijk te houden, nochtans kan het gebeuren dat de website ontoegankelijk is voor een korte periode omwille van onderhoudswerken, aanpassingen of technische redenen.</span></p>\n<p><span><strong>3. Verantwoordelijkheid</strong></span></p>\n<p><span>Cody Howest weerlegt elke verantwoordelijkheid met betrekking tot deze website en de aangeboden informatie. Cody Howest&nbsp; verzekert niet dat de informatie op deze website correct, compleet of actueel is. Alle informatie, producten en diensten op deze website kunnen fouten bevatten. De gebruiker wordt verzocht hiermee rekening te houden.</span></p>\n<div><span><br /></span></div>'),(5,111,'en',10,'Y','T',0,'Page Content','<p><span>Cody is built upon 15 years of expercience with many other CMS and web application frameworks ranging from widely available aging systems like Wordpress, Drupal, Sharepoint and DotNetNuke over in house developed systems in C and Java/JSP till <span>state of the art stuff like Ruby on Rails and Google\'s Angular.</span></span></p>\r\n<p><span><span>We took from each of those systems the bare minimum and made a strong extendable kernel. you can plug </span></span>in extra functionality, self written or taken from our community of web app developers.</p>'),(7,111,'en',20,'N','T',0,'Page Content','<p><span>Vivamis sagittis lacus verl augue laoreet rutrum faucibus dolor auctor. Nullam quis risus eget urna mollis.</span></p>'),(119,111,'nl',20,'N','T',0,'Page content','<p><span>Vivamis sagittis lacus verl augue laoreet rutrum faucibus dolor auctor. Nullam quis risus eget urna mollis.</span></p>'),(117,112,'nl',20,'N','T',0,'Page content','<p><span>Vivamis sagittis lacus verl augue laoreet rutrum faucibus dolor auctor. Nullam quis risus eget urna mollis.</span></p>'),(13,113,'nl',20,'N','T',0,'Page Content',''),(15,114,'nl',20,'N','T',0,'Page Content',''),(160,158,'en',20,'N','T',0,'Text','<p>Tim is also the author of SynerJ<br /><br />A brief description of the project straight from the original paper published in 2012:</p>\r\n<p><em>\"It is the goal of the SynerJ project to create a simplified Lively Kernel-like environment that lets you create applications in your browser, using conventional web programming technologies (JavaScript, HTML and CSS). This means that the programmer does not have the freedom they have working with morphs, but instead are given the oppportunity to design applications using technologies they already know. These technologies are mapped onto a prototyped environment, which consists of Dobjects. Such a Dobject has normal proper- ties, style properties, attributes and event handlers. These Dobjects are then ordered in a tree (just like the DOM tree), so you can put hierarchy in your UI. To give the programmer the opportunity to create elegant solutions for their design, these Dobjects are fully prototyped, meaning they inherit the properties, style properties and event handlers from their prototype. In addition it is also possible for multiple people to connect to one and the same programming environment and lively see the changes the other clients are making, so that they can cooperatively design the application.\"</em></p>'),(158,158,'en',10,'Y','T',0,'Text','<p>Tim has bachelor degree in Computer science from the Brussels Free University and is completing his last master year. He is our computer language expert with special interest in dynamic languages.</p>'),(159,157,'en',20,'N','I',36,'Image',''),(151,154,'en',10,'Y','T',0,'Text','<p><span>Our local Magento guru</span></p>\r\n<p>&nbsp;</p>'),(152,156,'en',10,'Y','T',0,'Text','<p><span>The man from Trace Modeler</span></p>'),(153,157,'en',10,'Y','T',0,'Text','<p><span>In a previous life he created in 1998 a content management system dCMS for Duo nv, later h</span>e used rWorks a Java based system and finally decided with help from Howest to create a complete new CMS built in Javascript from ground up. Cody was born.</p>\r\n<p>He still is the man behind <a title=\"Verlanglijstje\" href=\"http://www.verlanglijstje.be\" target=\"_blank\">Verlanglijstje.be</a> your favourite website to share your wish lists.</p>'),(33,0,'',10,'Y','S',0,'Short descriptionn',''),(150,155,'en',10,'Y','T',0,'Text','<p>Dieter started Cody development as an student between his 2nd and 3rd year Applied Computer Science.</p>'),(32,114,'en',20,'N','T',0,'Page Content','<p>If you\'re willing to try out our new CMS, give us some feedback and don\'t want to program new controllers yourself, we offer you free hosting for your own website.</p>\r\n<p>Making your own site involves only a few steps.</p>\r\n<p>1) have a domain name entry ready, start preferably with something like \"test.yoursite.com\" and once your site ready, change it to \"www.yoursite.com\"</p>\r\n<p>2) register on our website by clicking \"Create Site\"</p>\r\n<p>3) You\'ll receive a mail, click on the activate link in it.</p>\r\n<p>4) Go to the backoffice of your website on the link \"test.yoursite.com/en/dashboard\" and start adding pages, images and files.</p>\r\n<p>5) You can ofcourse customize the look and feel by going to \"Styles\" where you can upload logo and css.</p>'),(36,0,'',20,'N','T',0,'Page content',''),(37,0,'',10,'Y','S',0,'Short descriptionn',''),(38,0,'',20,'N','T',0,'Page content',''),(170,130,'nl',10,'N','T',0,'Text','<p>ik ben hier</p>'),(129,110,'nl',30,'N','I',110,'Image',''),(130,110,'nl',40,'N','I',111,'Image',''),(131,114,'en',10,'Y','T',0,'Text','<p>If you don\'t need custom built functionality, you can host your own website here for free.</p>\r\n<p>If you want to extend your application with more than the standard functionality, you can host your own site, we\'ll provide you step by step instructions on how to set up a server and write extra models, views and controllers.</p>'),(115,114,'nl',10,'Y','S',0,'Short intro','introooooo'),(118,111,'nl',10,'Y','S',0,'Short description',''),(116,112,'nl',10,'Y','S',0,'Short description',''),(114,113,'nl',10,'Y','S',0,'Short intro','intro'),(132,112,'en',10,'Y','T',0,'Text','<p>Cody runs on top of Node.js, a platform built on Google Chrome\'s JavaScript runtime for easily building fast, scalable network applications.</p>\r\n<p>Node.js uses an event-driven, non-blocking I/O model that makes it lightweight and efficient, perfect for running everything from simple websites to data-intensive real-time web applications across distributed devices.</p>\r\n<p>Cody is written from ground up in Javascript. From now on you can use s<span>erver and client side this same 1</span> language for creating your next web app.</p>'),(133,112,'en',20,'N','T',0,'Text',''),(134,113,'en',20,'N','T',0,'Text','<p> </p>\r\n<p>Imagine if everything we\'ve learned throughout history was kept hidden or its use was restricted to only those who are willing to pay for it. Education and research would suffer. Publishing books or sharing information of any sort would become difficult. But that\'s exactly the mentality behind the proprietary software model. In the same way shared knowledge propels the whole of society forward, open technology development can drive innovation.</p>\r\n<p><a href=\"http://www.pcworld.com/article/209891/10_reasons_open_source_is_good_for_business.html\" target=\"_blank\">10 reasons why open source is good for business</a></p>'),(136,110,'en',10,'N','I',110,'Image',''),(137,110,'en',20,'N','I',111,'Image',''),(135,113,'en',10,'Y','T',0,'Text','<p>Cody is fully open source. You can copy it, read the code, modify it, use it however you want. There is no fee, licence price.</p>\r\n<p>Open source simply creates better software. Everyone collaborates around the world. As a result, the open source model builds higher-quality, more secure, more easily integrated software. And it does it at a vastly accelerated pace, often at a lower cost.</p>\r\n<p>Openness. Transparency. Collaboration. Diversity. Rapid prototyping.</p>'),(154,155,'nl',10,'Y','T',0,'Text','<p>Dieter started Cody development as an student between his 2nd and 3rd year Applied Computer Science.</p>\r\n<p>&nbsp;</p>'),(155,154,'nl',10,'Y','T',0,'Text','<p><span>Our local Magento guru</span></p>\r\n<p>&nbsp;</p>'),(156,156,'nl',10,'Y','T',0,'Text','<p><span>The man from Trace Modeler</span></p>'),(157,157,'nl',10,'Y','T',0,'Text','<p><span>In a previous life he created in 1998 a content management system dCMS for Duo nv, later h</span>e used rWorks a Java based system and finally decided with help from Howest to create a complete new CMS built in Javascript from ground up. Cody was born.</p>\r\n<p>He still is the man behind <a title=\"Verlanglijstje\" href=\"http://www.verlanglijstje.be\" target=\"_blank\">Verlanglijstje.be</a> your favourite website to share your wish lists.</p>'),(161,158,'nl',20,'N','T',0,'Text','<p>Tim is also the author of SynerJ<br />A brief description of the project straight from the original paper published in 2012:</p>\r\n<p><em>\"It is the goal of the SynerJ project to create a simplified Lively Kernel-like environment that lets you create applications in your browser, using conventional web programming technologies (JavaScript, HTML and CSS). This means that the programmer does not have the freedom they have working with morphs, but instead are given the oppportunity to design applications using techno</em><em>logies they already know. These technologies are mapped onto a prototyped environment, which consists of Dobjects. Such a Dobject has normal properties, style properties, attributes and event handlers. These Dobjects are then ordered in a tree (just like the DOM tree), so you can put hierarchy in your UI. To give the programmer the opportunity to create elegant solutions for their design, these Dobjects are fully prototyped, meaning they inherit the proper- ties, style properties and event handlers from their prototype. In addition it is also possible for multiple people to connect to one and the same programming environment and lively see the changes the other clients are making, so that they can cooperatively design the application.\"</em></p>'),(162,158,'nl',10,'Y','T',0,'Text','<p><span>Tim has bachelor degree in Computer science from the Brussels Free University and is completing his last master year. He is our computer language expert with special interest in dynamic languages.</span></p>'),(163,158,'en',30,'N','I',37,'Image',''),(164,158,'nl',30,'N','I',37,'Image',''),(165,159,'en',10,'Y','T',0,'Text','<p>Jelle is our web architect. He makes us do the right things and manages to make our work look good too. He is a wonderful designer with great insights on usability. He generates wireframes while asleep and eats Photoshop files as breakfast.</p>\r\n<p>He designed our site + logo, which says more than enough.</p>'),(166,159,'nl',10,'Y','T',0,'Text','<p>Jelle is our web architect. He makes us do the right things and manages to make our work look good too. He is a wonderful designer with great insights on usability. He generates wireframes while asleep and eats Photoshop files as breakfast.</p>\r\n<p>He designed our site + logo, which says more than enough.</p>'),(168,140,'nl',20,'N','T',0,'Text','<p>Heb U een vraag voor ons team, een opmerking, ... laat ze gerust komen, we antwoorden U zo snel mogelijk.</p>\r\n<p>Cody.</p>'),(171,130,'nl',40,'N','S',0,'String','hahahah'),(172,130,'nl',20,'N','T',0,'Image',''),(173,130,'nl',30,'N','I',0,'Image',''),(174,161,'nl',10,'Y','T',0,'Text','<h1>&nbsp;</h1>\r\n<h2>Hoe moet ik inloggen?</h2>\r\n<p>Wanneer u inhoud wil toevoegen of wijzigen moet u zich eerst inloggen. De makkelijkste manier om dit te doen is door simpelweg /login in te typen na de URL van uw website (vb. http://howest.cody-cms.org/nl/login). Als alles goed gaat zal u de login pagina zien.</p>\r\n<p><img title=\"-- 1\" src=\"../data/images/40.JPG\" alt=\"-- 1\" width=\"1075\" height=\"376\" /></p>\r\n<h2>Het dashboard</h2>\r\n<p>Dit is het hart van uw Cody website, hier kan u pagina\'s, afbeeldingen en bestanden toevoegen, gebruikers beheren enz.</p>\r\n<p>U kan het dashboard bereiken door na de URL van uw website /dashboard te typen (vb. http://howest.cody-cms.org/nl/dashboard). Maar wanneer u inlogt komt u automatisch terecht op deze pagina.</p>\r\n<p><img title=\"-- 2\" src=\"../data/images/41.JPG\" alt=\"-- 2\" /></p>'),(175,163,'nl',10,'N','T',0,'Text','<p>Het beheren van pagina\'s gebeurt volledig in de \"pages\" pagina. Deze pagina kan u bereiken door /pages na de URL van uw website te typen (vb. http://howest.cody-cms.org/nl/pages) of door op Structuur te klikken in het dashboard.&nbsp;</p>\r\n<p>Deze pagina ziet er zo uit.&nbsp;</p>\r\n<p><img title=\"-- 3\" src=\"../data/images/42.JPG\" alt=\"-- 3\" /></p>\r\n<h2>Een nieuwe pagina toevoegen</h2>\r\n<p>Wanneer u een nieuwe pagina wil toevoegen moet u zeker zijn dat de \"website\" map geselecteerd is. Vervolgens klikt u op de Add knop en u zal een dialoogvenster zien. Selecteer Show content en klik vervolgens op Add a \"content\" page.</p>\r\n<p><img title=\"-- 4\" src=\"../data/images/43.JPG\" alt=\"-- 4\" /></p>\r\n<p>Geef deze pagina een naam en druk op de ENTER toets.</p>\r\n<p><img title=\"-- 5\" src=\"../data/images/44.jpg\" alt=\"-- 5\" /></p>\r\n<h2>De volgorde van de pagina\'s wijzigen</h2>\r\n<p>Wanneer u de volgorde van de pagina\'s wilt wijzigen moet u ervoor zorgen dat de subniveau\'s manueel worden geordend. Dit kan u doen door te klikken op Website -&gt; Options -&gt; order sublevels -&gt; Manual. Vergeet zeker niet op de Save knop te klikken.</p>\r\n<p><img title=\"-- 6\" src=\"../data/images/45.JPG\" alt=\"-- 6\" /></p>\r\n<p>Nu is het enkel nog maar een kwestie van de pagina\'s in de gewenste volgorde te slepen.</p>\r\n<h2>Subpagina\'s toevoegen</h2>\r\n<p>Om dit met een simpel voorbeeld te illustreren zullen we een nieuwe pagina toevoegen.</p>\r\n<p>Net als daarnet kiest u om een \"Content\" pagina toe te voegen, maar deze keer selecteert u Show First subitem.</p>\r\n<p>Geef het een naam en druk op de ENTER toets</p>\r\n<p><img title=\"-- 7\" src=\"../data/images/46.JPG\" alt=\"-- 7\" /></p>\r\n<p><img title=\"-- 9\" src=\"../data/images/48.JPG\" alt=\"-- 9\" /></p>\r\n<p>Nu kan u subpagina\'s toevoegen aan deze pagina. Zorg ervoor dat de zopas aangemaakte pagina geselecteerd is en klik op de Add knop. Op deze pagina\'s zal nu een extra menu verschijnen. Hieronder een voorbeeld.</p>\r\n<p><img title=\"-- 8\" src=\"../data/images/47.JPG\" alt=\"-- 8\" /></p>\r\n<h2>Een nieuwe pagina toevoegen dat niet weergegeven wordt in het navigatie menu</h2>\r\n<p>Dit kan u bekomen door in het tabblad opties active uit te vinken.</p>\r\n<p>&nbsp;<img title=\"- 9.1\" src=\"../data/images/71.jpg\" alt=\"- 9.1\" /></p>\r\n<p>Wanneer u op de save knop klikt zal u zien dat de naam van de pagina grijs geworden is. De pagina zal nu niet meer weergegeven worden in het menu. Het is aangeraden om deze pagina een makkelijk te lezen url te geven. Dit kan u doen in het tabblad SEO van de pagina. Meer hierover later.</p>\r\n<h2>Een pagina enkel beschikbaar maken voor leden.</h2>\r\n<p>Als u een pagina wil maken dat enkel beschikbaar is voor de leden van uw website kunt u dit bekomen door in het tabblad opties \"Needs login\" aan te vinken.</p>\r\n<p>&nbsp;<img title=\"-- 9.2\" src=\"../data/images/73.jpg\" alt=\"-- 9.2\" /></p>\r\n<p>Nu is deze pagina enkel beschikbaar voor de gebruikers. U kan de gebruikers van deze website beheren in de \"Gebruikers\" pagina. Later meer hierover.</p>\r\n<h2>De SEO opties wijzigen</h2>\r\n<p>Dit kan u doen door op het tabblad SEO te klikken.</p>\r\n<p><img title=\"-- 15\" src=\"../data/images/54.JPG\" alt=\"-- 15\" /></p>\r\n<p>Hier kan u de link, sleutelwoorden en omschrijving van uw pagina wijzigen. Zo kunnen zoekmachines uw pagina sneller vinden.<br /> Als u op de Save knop klikt zijn de wijzigingen meteen van kracht.</p>\r\n<h2>Geavanceerde opties wijzigen</h2>\r\n<p><img title=\"-- 16\" src=\"../data/images/55.JPG\" alt=\"-- 16\" /></p>\r\n<p>Hier kan u de geavanceerde opties van uw pagina wijzigen bijvoorbeeld: wanneer de pagina geldig is, wie kan de pagina bekijken, hoe moeten de sub pagina&rsquo;s gesorteerd worden enz.</p>\r\n<h2>Pagina\'s verwijderen</h2>\r\n<p>Als u een pagina wil verwijderen, selecteert u de pagina en klik vervolgens op de Delete knop, dan krijgt u dit te zien.</p>\r\n<p><img title=\"-- 17\" src=\"../data/images/56.jpg\" alt=\"-- 17\" /></p>\r\n<p>Daarna bevestigd u door op de nieuwe Delete knop te klikken.</p>'),(176,140,'en',30,'N','M',67,'Form',''),(177,140,'nl',30,'N','M',67,'Form',''),(178,140,'en',20,'N','T',0,'Text','<p>Please post your questions and remarks here. We\'ll try to answer them as soon as possible.</p>\r\n<p>Cody.</p>'),(179,164,'nl',10,'N','T',0,'Text','<p>Wanneer u een pagina wil bewerken dubbelklikt u op deze pagina.</p>\r\n<h2>Inhoud wijzigin/toevoegen</h2>\r\n<p>Wanneer u klikt op de \"Add content\" knop krijgt u een dialoogvenster te zien waar u het type van de inhoud kan bepalen.</p>\r\n<p><img title=\"-- 10\" src=\"../data/images/49.JPG\" alt=\"-- 10\" /></p>\r\n<p>Hier heeft u de keuze uit enkele inhoudstypes:</p>\r\n<ul>\r\n<li>Text: Gewone tekst dat u kan bewerken in een simpele tekst editor, hier kan u stijl en afbeeldingen toevoegen aan uw tekst</li>\r\n<li>Image: Een afbeelding dat u voordien heeft toegevoegd in het \"Beelden\" menu</li>\r\n<li>File: Een bestand dat de bezoekers van uw website kunnen downloaden</li>\r\n<li>Form: Met een form (formulier) kan u input van de gebruikers vragen</li>\r\n<li>String: gewone tekst zonder opmaak (kan html zijn)</li>\r\n</ul>\r\n<p>Ter illustratie voegt u wat tekst toe aan uw pagina. Dit kan u bekomen door te klikken op Add text.</p>\r\n<p><img title=\"-- 10.1\" src=\"../data/images/74.jpg\" alt=\"-- 10.1\" /></p>\r\n<p>Nu kan u deze tekst wijzigen door te klikken op de Edit knop en u kan beginnen met inhoud toe te voegen.</p>\r\n<p><img title=\"-- 11\" src=\"../data/images/50.JPG\" alt=\"-- 11\" /></p>\r\n<p>De tekst editor is zeer gebruiksvriendelijk. Als u kan werken met word kan u met deze tekst editor werken. Nu we het toch over Word hebben wanneer u tekst wil kopi&euml;ren en plakken uit word, gelieve de Paste from word funtie te gebruiken. Dit is louter om rare tekens enz. te vermijden.</p>\r\n<h2>Afbeeldingen toevoegen</h2>\r\n<p>Afbeeldingen toevoegen in cody kan u doen door te klikken op de Add image knop bovenaan de editor. U krijgt een dialoogvenster te zien waar u een afbeelding kan selecteren, parameters aanpassen enz. De afbeeldingen moeten wel eerst geupload worden in de \"Beelden\" pagina, later meer hierover.</p>\r\n<p><img title=\"-- 12\" src=\"../data/images/51.JPG\" alt=\"-- 12\" /></p>\r\n<p>U kan de parameters wijzigen in hete tabblad Appearance.</p>\r\n<p><img title=\"-- 13\" src=\"../data/images/52.JPG\" alt=\"-- 13\" /></p>\r\n<p>Geavanceerde instellingen kunt u wijzigen in het Advanced tabblad.</p>\r\n<p><img title=\"-- 13.1\" src=\"../data/images/75.jpg\" alt=\"-- 13.1\" /></p>\r\n<p>Wanneer u klaar bent zal u deze afbeelding zien staan in de editor.</p>\r\n<p><img title=\"-- 14\" src=\"../data/images/53.JPG\" alt=\"-- 14\" /></p>\r\n<p>Wanneer u klaar bent met de inhoud van uw pagina hoeft u enkel op de Ok knop te klikken en vervolgens nog eens op de Save knop.</p>\r\n<h2>Linken naar andere pagina\'s</h2>\r\n<p>Als u een link naar een andere pagina wil toevoegen moet u de tekst selecteren dat u wil gebruiken als link, vervolgens klikt u op de insert/edit link knop.</p>\r\n<p><img title=\"-- 14.1\" src=\"../data/images/76.jpg\" alt=\"-- 14.1\" /></p>\r\n<p>Dan krijgt u dit te zien</p>\r\n<p><img title=\"-- 14.2\" src=\"../data/images/77.jpg\" alt=\"-- 14.2\" /></p>\r\n<p>Hier kan u de gewenste URL invullen, het doel (target) selecteren (this window, new window, parent window, open in top frame). U kan ook een optionele titel opgeven en/of een css klasse opgeven. Wanneer u op insert klikt is uw link gemaakt.</p>\r\n<h3>Extra opties in het linken</h3>\r\n<p>Wil u een popup maken met uw link? klik dan op het tabblat poppup, vul de juiste data in en u bent klaar.</p>\r\n<p><img title=\"-- 14.3\" src=\"../data/images/78.jpg\" alt=\"-- 14.3\" /></p>\r\n<p><img title=\"-- 14.4\" src=\"../data/images/79.jpg\" alt=\"-- 14.4\" /></p>\r\n<h3>Een link verwijderen</h3>\r\n<p>Als u een link wil verwijderen, hoeft u enkel de link te selecteren en op de unlink knop te klikken.</p>\r\n<p>&nbsp;</p>'),(180,166,'nl',10,'N','T',0,'Text','<p>Als u afbeeldingen wil toevoegen, verwijderen of bewerken moet u naar de pagina Beelden;</p>\r\n<p>Opnieuw zijn er meerdere manieren om er te komen: het dashboard, het menu, of door /images na de URL van uw site te typen.</p>\r\n<p><img title=\"-- 18\" src=\"../data/images/57.JPG\" alt=\"-- 18\" /></p>\r\n<p>Om dit te illustreren voegt u een nieuwe map toe, zorg ervoor dat de Images map geselecteerd is vooraleer u op de Add Folder knop klikt.</p>\r\n<p><img title=\"-- 19\" src=\"../data/images/58.jpg\" alt=\"-- 19\" /></p>\r\n<p>Nu voegt u enkele afbeeldingen toe aan deze map, zorg ervoor dat deze map geselecteerd is en klik op de Add Image knop, geef het een naam en druk op de ENTER toets.</p>\r\n<p><img title=\"-- 20\" src=\"../data/images/59.JPG\" alt=\"-- 20\" /></p>\r\n<p>Vervolgens klikt u op de &ldquo;Bestand kiezen&rdquo; knop, nu kan u een afbeelding lokaal selecteren. Vergeet niet op de Save knop te klikken, als alles correct verlopen is zal u de afbeelding ziet als u nog eens dubbel klikt op de afbeelding.</p>\r\n<p><img title=\"-- 21\" src=\"../data/images/60.JPG\" alt=\"-- 21\" /></p>\r\n<p>Als u een afbeelding wil verwijderen klikt u op de Delete knop.</p>'),(181,167,'nl',10,'N','T',0,'Text','<p>Als u bestanden wil toevoegen of verwijderen moet u naar het Bestanden menu.</p>\r\n<p>Er zijn meerdere manieren om hier te komen: het dashboard, het menu of door /files na de URL van de website te plaatsen.</p>\r\n<p><img title=\"-- 22\" src=\"../data/images/61.JPG\" alt=\"-- 22\" /></p>\r\n<p>Dit werkt op dezelfde manier als het beheren van afbeeldingen. Als u een bestand wil toevoegen hoeft u enkel maar te klikken op de &ldquo;Add file&rdquo; knop, een naam kiezen, een bestand kiezen en klaar is kees.</p>\r\n<p><img title=\"-- 23\" src=\"../data/images/62.jpg\" alt=\"-- 23\" /></p>\r\n<p><img title=\"-- 24\" src=\"../data/images/63.JPG\" alt=\"-- 24\" /></p>\r\n<p>En natuurlijk niet vergeten om op de Save knop te klikken</p>'),(182,168,'nl',10,'N','T',0,'Text','<p>Als u nieuwe gebruikers wil toevoegen/verwijderen/wijzigen kan u dat doen in het Gebruikers menu.</p>\r\n<p>U kan het gebruikers menu bereiken via het menu, dashboard of door /users te typen na de URL van de website.</p>\r\n<p><img title=\"-- 25\" src=\"../data/images/64.JPG\" alt=\"-- 25\" /></p>\r\n<p>Hier ziet u een lijst van de gebruikers van uw website</p>\r\n<h2>Gebruikers toevoegen</h2>\r\n<p>Als u een nieuwe gebruiker wil toevoegen klikt u op de Add knop</p>\r\n<p><img title=\"-- 26\" src=\"../data/images/65.JPG\" alt=\"-- 26\" /></p>\r\n<p>Vervolgens kan u de gegevens van de gebruiker invoeren (naam, login, wachtwoord, groep, level, actief, &hellip;). Als u op de Save knop klikt is de nieuwe gebruiker aangemaakt.</p>\r\n<h2>Gebruikers wijzigen/verwijderen</h2>\r\n<p>Als u een gebruiker wilt wijzigen klikt u op de gebruiker zijn naam, daarna krijgt u hetzelfde formulier te zien waarmee u de gebruiker hebt aangemaakt.</p>\r\n<p>Nu kan u zijn gegevens wijzigen of de gebruiker verwijderen.</p>\r\n<p><img title=\"-- 27\" src=\"../data/images/66.JPG\" alt=\"-- 27\" /></p>\r\n<p>U kan altijd uw eigen gegevens wijzigen door te klikken op Account in de rechter boven hoek van uw scherm.</p>'),(183,161,'en',10,'N','T',0,'Text','<h2>How to login</h2>\r\n<p>When you want to add or change content to your website you will need to log in first. The easiest way to do that is just add /login after the URL of your website. For instance: <a href=\"http://www.codyweb.com/en/login\">http://www.codyweb.com/en/login</a>. If everything goes well you will see the login page<img title=\"-- 1\" src=\"../data/images/40.JPG\" alt=\"-- 1\" /></p>\r\n<h2>The Dashboard</h2>\r\n<p>This is the heart of your Cody website, here you can add pages, images, files, manage users etc.</p>\r\n<p>You can reach the dashboard by adding /dashboard after the URL of your website. For instance: <a href=\"http://www.codyweb.com/en/dashboard\">http://www.codyweb.com/en/dashboard</a>. But when you login you get redirected automatically to this page.</p>\r\n<p><img title=\"-- 2\" src=\"../data/images/41.JPG\" alt=\"-- 2\" /></p>'),(206,110,'nl',20,'Y','S',0,'why','WAAROM CODY?'),(184,163,'en',10,'N','T',0,'Text','<p>This happens in the &ldquo;pages&rdquo; view, you can reach it by clicking on Structure in the dashboard, or just add /pages after the URL of your website (for instance: http://www.codyweb.com/en/pages) . when you have reached this view you will see this.<img title=\"-- 3\" src=\"../data/images/42.JPG\" alt=\"-- 3\" /></p>\r\n<h3>Adding a new page</h3>\r\n<p>If you want to add a new page make sure the website folder is highlighted, then just click on the Add button. When you click on the Add button you will see a dialog, select Show Content and Add a &ldquo;Content&rdquo; page.</p>\r\n<p><img title=\"-- 4\" src=\"../data/images/43.JPG\" alt=\"-- 4\" /></p>\r\n<p>Give it a name and press the ENTER key</p>\r\n<p><img title=\"-- 5\" src=\"../data/images/44.jpg\" alt=\"-- 5\" /></p>\r\n<h3>Changing the order of the pages</h3>\r\n<p>If you want to change the order of you pages you need to be sure the sublevels are ordered manual. This can be done easily by clicking on Website -&gt; Options -&gt; order sublevels -&gt; Manual.</p>\r\n<p>Like this</p>\r\n<p><img title=\"-- 6\" src=\"../data/images/45.JPG\" alt=\"-- 6\" /></p>\r\n<p>Now it&rsquo;s just a matter of drag and drop until the desired order is achieved. When you&rsquo;re done, just click the save button in the website menu and the order is changed.</p>\r\n<h3>Adding subpages</h3>\r\n<p>Let&rsquo;s start with a new page, make sure website is highlighted and click the Add button.</p>\r\n<p>Just as adding a normal page you choose a &ldquo;Content&rdquo; page. BUT NOW you select the Show FIRST SUBITEM.</p>\r\n<p>Give it a name and press the ENTER key.</p>\r\n<p><img title=\"-- 7\" src=\"../data/images/46.JPG\" alt=\"-- 7\" /></p>\r\n<p>Now we will add some subpages to this item. Make sure your new item is highlighted when you click the Add button.</p>\r\n<p><img title=\"-- 9\" src=\"../data/images/48.JPG\" alt=\"-- 9\" /></p>\r\n<p>When the visitors click on that item they will see the first subpage and a submenu like in this example.</p>\r\n<p><img title=\"-- 8\" src=\"../data/images/47.JPG\" alt=\"-- 8\" /></p>\r\n<h3>Adding a new page that is not displayed in the navigation menu</h3>\r\n<p>This is just as simple as adding a normal page. But in the options you check active OFF</p>\r\n<p>Like this:</p>\r\n<p><img title=\"- 9.1\" src=\"../data/images/71.jpg\" alt=\"- 9.1\" /></p>\r\n<p>When you click on the save button the name of the page will be greyed out, and the page will not be displayed in the menu.It is a best practice to give this page an easy to read link, this can be done in the SEO properties of your page. See &ldquo;Changing SEO properties&rdquo; later on this tutorial.</p>\r\n<h3>Making a page only available for members</h3>\r\n<p>If&nbsp; you want to have a page that is only available for members, just go to the options of that page and check the Needs login option.</p>\r\n<p>Like this:</p>\r\n<p><img title=\"-- 9.2\" src=\"../data/images/73.jpg\" alt=\"-- 9.2\" /></p>\r\n<p>Now this page is only available for the members of your website, you can manage your members on the users page of your dashboard. See &ldquo;Managing users&rdquo; later on this tutorial.</p>\r\n<h3>&nbsp;</h3>\r\n<h2>Changing the SEO properties</h2>\r\n<p>Start by clicking the SEO tab</p>\r\n<p><img title=\"-- 15\" src=\"../data/images/54.JPG\" alt=\"-- 15\" /></p>\r\n<p>Here you can edit the link, keywords and description of your page to make it more Search engine friendly.<br /> Again don&rsquo;t forget to click the Save button when you&rsquo;re done!</p>\r\n<h2>Changing Advanced options</h2>\r\n<p><img title=\"-- 16\" src=\"../data/images/55.JPG\" alt=\"-- 16\" /></p>\r\n<p>Here you can edit some more advanced options like when the page is valid, who can view the page, how to order the sublevels etc.</p>\r\n<h2>Deleting pages</h2>\r\n<p>When you want to delete a page just select the page and press the delete button. Then you will see this</p>\r\n<p><img title=\"-- 17\" src=\"../data/images/56.jpg\" alt=\"-- 17\" /></p>\r\n<p>Then press the Delete button next to the save button and the page will be deleted.</p>\r\n<p>&nbsp;</p>'),(185,164,'en',10,'N','T',0,'Text','<p>Editing a page starts by double clicking on the page you want to edit, or by clicking the Edit button.</p>\r\n<p><img title=\"-- 9\" src=\"../data/images/48.JPG\" alt=\"-- 9\" /></p>\r\n<p>Now you can add/edit content, make your page search-engine friendly, or change some extra options.</p>\r\n<h2>Adding/editing content</h2>\r\n<p>When you click the Add Content button you will see a dialog where you can choose the type of the content you want to add.&nbsp;</p>\r\n<p><img title=\"-- 10\" src=\"../data/images/49.JPG\" alt=\"-- 10\" /></p>\r\n<h5>Content types explained</h5>\r\n<ul>\r\n<li>Text: normal text in a text editor, you can add simple style and images to your text</li>\r\n<li>Image: ordinary image you have added before trough the Images menu</li>\r\n<li>File:&nbsp; any file the visitors of your page can download from your site</li>\r\n<li>Form:&nbsp; with a form you can ask input from your visitors</li>\r\n<li>String: a string of text (html,&hellip;)</li>\r\n</ul>\r\n<p>Now let&rsquo;s add some text to our new page. This is done by selecting the Add text option.</p>\r\n<p><img title=\"-- 10.1\" src=\"../data/images/74.jpg\" alt=\"-- 10.1\" /></p>\r\n<p>Off course you want to edit your newly added text, just click Edit and you&rsquo;re good to go. You will see a simple text editor where you can add or edit the content of your page.</p>\r\n<p><img title=\"-- 11\" src=\"../data/images/50.JPG\" alt=\"-- 11\" /></p>\r\n<p>The text editor is pretty straight forward. If you can work with word you can work with the Cody text editor. Speaking of word, when you want to paste some text from a word document, please use the paste from word function in the editor. This is to avoid strange characters etc.</p>\r\n<p>Adding images with this editor is also a piece of cake, just click the add image button on top and&nbsp; you will see a dialog where you can select an image and edit its properties. The Images need to be uploaded with the &ldquo;Images&rdquo; page before you can use them.</p>\r\n<p><img title=\"-- 12\" src=\"../data/images/51.JPG\" alt=\"-- 12\" /></p>\r\n<p>Editing the images&rsquo; properties by clicking the Appearance tab</p>\r\n<p><img title=\"-- 13\" src=\"../data/images/52.JPG\" alt=\"-- 13\" /></p>\r\n<p>Editing the images&rsquo; advance properties by clicking the Advanced tab<img title=\"-- 13.1\" src=\"../data/images/75.jpg\" alt=\"-- 13.1\" /></p>\r\n<p>When you&rsquo;re done just click Insert and the image is placed in your text pane.</p>\r\n<p><img title=\"-- 14\" src=\"../data/images/53.JPG\" alt=\"-- 14\" /></p>\r\n<p>When you&rsquo;re done just press the OK button and you&rsquo;re content is added.</p>\r\n<p>Don&rsquo;t forget to click on the Save button !!</p>\r\n<p>And you&rsquo;re done.</p>\r\n<h2>Linking to other pages</h2>\r\n<p>When you want to link to other pages you need to add a link. This can be done very easily, just select the text you want to use as a link and click the insert/edit link button.</p>\r\n<p><img title=\"-- 14.1\" src=\"../data/images/76.jpg\" alt=\"-- 14.1\" /></p>\r\n<p>Then you will see this.</p>\r\n<p><img title=\"-- 14.2\" src=\"../data/images/77.jpg\" alt=\"-- 14.2\" /></p>\r\n<p>Now just type in the desired URL of your link, select the target (this window, new window, parent window, open in top frame). Add an optional title, select an optional CSS class, click Insert and you&rsquo;re done, you have created a new link.</p>\r\n<h3>Extra linking options</h3>\r\n<p>If you want to create a popup with your link, just click on the Popup tab, fill in the correct data and you&rsquo;re good to go.</p>\r\n<p>So this:</p>\r\n<p><img title=\"-- 14.3\" src=\"../data/images/78.jpg\" alt=\"-- 14.3\" /></p>\r\n<p>Will result into this:</p>\r\n<p><img title=\"-- 14.4\" src=\"../data/images/79.jpg\" alt=\"-- 14.4\" /></p>\r\n<h2>Unlinking a link</h2>\r\n<p>You can unlink a link by selecting it and clicking the Unlink button.</p>'),(213,170,'nl',10,'N','T',0,'Text','<h2>This is not the page you are looking for.</h2>'),(186,166,'en',10,'N','T',0,'Text','<p>When you want to add, remove or edit images there&rsquo;s only one place to do it, the Images menu.</p>\r\n<p>There are a few ways to get there, you use the menu or you click on the Images link in your dashboard, or you just add /images after your URL (for instance <a href=\"http://www.codyweb.com/en/images\">http://www.codyweb.com/en/images</a>)</p>\r\n<p><img title=\"-- 18\" src=\"../data/images/57.JPG\" alt=\"-- 18\" /></p>\r\n<p>Let&rsquo;s start by adding a new folder, make sure the Images folder is highlighted and click the Add Folder button.</p>\r\n<p><img title=\"-- 19\" src=\"../data/images/58.jpg\" alt=\"-- 19\" /></p>\r\n<p>Now it&rsquo;s time to add some new images to that folder, just make sure your new folder is highlighted and click the Add Image button, give it a name and press the enter key.</p>\r\n<p><img title=\"-- 20\" src=\"../data/images/59.JPG\" alt=\"-- 20\" /></p>\r\n<p>Then you click on the &ldquo;Choose file&rdquo; (or &ldquo;Bestand kiezen&rdquo; in Dutch) and you will see a dialog where you can choose your images. Select an image of choice and click on the Open button.</p>\r\n<p>Don&rsquo;t forget to click on the save button. If everything went well you will see this when you double click on your newly added image.</p>\r\n<p><img title=\"-- 21\" src=\"../data/images/60.JPG\" alt=\"-- 21\" /></p>\r\n<p>If you want to delete the image just click the Delete button.</p>\r\n<p>&nbsp;</p>'),(212,170,'nl',20,'N','S',0,'String','<iframe width=\"560\" height=\"315\" src=\"//www.youtube.com/embed/2I33k8vV3Sk?rel=0&autoplay=1\" frameborder=\"0\" allowfullscreen></iframe>'),(187,167,'en',10,'N','T',0,'Text','<p>When you want to add, remove files, you can do it in the Files menu.</p>\r\n<p>Again there are two ways to get there, or you click on the Files link in your dashboard, or you just add /images after your URL (for instance <a href=\"http://www.codyweb.com/en/files\">http://www.codyweb.com/en/files</a>)</p>\r\n<p><img title=\"-- 22\" src=\"../data/images/61.JPG\" alt=\"-- 22\" /></p>\r\n<p>This works the same way like managing images. If you want to add a file, just click on the Add File button, give it a name, choose a file and you&rsquo;re done.</p>\r\n<p><img title=\"-- 23\" src=\"../data/images/62.jpg\" alt=\"-- 23\" /></p>\r\n<p><img title=\"-- 24\" src=\"../data/images/63.JPG\" alt=\"-- 24\" /></p>\r\n<p>And off course don&rsquo;t forget to click the Save button.</p>'),(211,170,'en',10,'N','T',0,'Text','<h2>This is not the page you are looking for.</h2>'),(188,168,'en',10,'N','T',0,'Text','<p>If you want to add new users to your website you can do that in the Users menu</p>\r\n<p>Again there are two ways to get there, or you click on the Users link in your dashboard, or you just add /images after your URL (for instance <a href=\"http://www.codyweb.com/en/users\">http://www.codyweb.com/en/users</a>)</p>\r\n<p><img title=\"-- 25\" src=\"../data/images/64.JPG\" alt=\"-- 25\" /></p>\r\n<p>Here you see an overview of all the users of your website.</p>\r\n<h2>Adding users</h2>\r\n<p>If you want to add a new user just click the Add button.</p>\r\n<p><img title=\"-- 26\" src=\"../data/images/65.JPG\" alt=\"-- 26\" /></p>\r\n<p>Then you can fill in the users&rsquo; data (name, login, password, group, level, active &hellip;). Click the Save button and the new user is created.</p>\r\n<h2>Editing/deleting users</h2>\r\n<p>If you want to edit a user, just click on the users&rsquo; name. you will see the same form of adding a user, now you can edit the users&rsquo; data or even delete the user by clicking on the Delete button.</p>\r\n<p><img title=\"-- 27\" src=\"../data/images/66.JPG\" alt=\"-- 27\" /></p>'),(189,148,'nl',10,'N','T',0,'Text','<p>In dit voorbeeld zullen we een controller met een sjabloon maken in Cody. We gaan een pagina maken waar bezoekers op kunnen reageren.</p>\r\n<h2>Wat hebben we nodig?</h2>\r\n<ul>\r\n<li>Een zelfgemaakte controller</li>\r\n<li>Een zelfgemaakt sjabloon</li>\r\n<li>Een klein beetje MySQL code</li>\r\n</ul>\r\n<h2>Hoe beginnen we hieraan?</h2>\r\n<p>Start uw favoriete IDE (in dit voorbeeld wordt WebStorm 6 gebruikt) en open de map van uw website.</p>\r\n<p>&nbsp;</p>\r\n<p>Maak nu 2 bestanden aan CommentController.js in de map controllers en Commentablepage.ejs in de map views.</p>\r\n<p><img title=\"-- 1\" src=\"../data/images/81.JPG\" alt=\"-- 1\" /></p>\r\n<p>Vervolgens voegen we deze nieuwe controller toe aan het index.js bestand van de website.</p>\r\n<p>Voeg het volgende toe aan de controllers array:&nbsp;{name: \"CommentController\", controller: YourSiteName.EventController}.</p>\r\n<p><img title=\"-- 2\" src=\"../data/images/82.JPG\" alt=\"-- 2\" /></p>\r\n<p>Vergeet zeker niet om onze nieuwe controller te exporteren uit de controller map, dit kan u bekomen door het volgende toe te voegen aan het index.js bestand in de controllers map:&nbsp;module.exports.CommentController = require(\"./CommentController.js\");&nbsp;</p>\r\n<p><img title=\"-- 3\" src=\"../data/images/83.JPG\" alt=\"-- 3\" /></p>\r\n<p>Vervolgens gaan we het sjabloon toevoegen aan de database.</p>\r\n<p>Voer het volgende MySQL statement uit in de database van uw website:</p>\r\n<p>INSERT INTO templates(name,description,controller,fn,maxnumber,system,defaultchild)<br /> VALUES (\'Commentable-page\',\'A page users can write comments\',\'CommentController\',\'Commentablepage.ejs\',0,\'N\',0);</p>\r\n<p>Als u vervolgens een nieuwe pagina wil toevoegen zal u zien dat het nieuwe sjabloon is toegevoegd aan de lijst.</p>\r\n<p><img title=\"-- 4\" src=\"../data/images/84.JPG\" alt=\"-- 4\" /></p>\r\n<h2>&nbsp;Tijd voor wat code</h2>\r\n<p>Laten we starten met de controller.</p>\r\n<p>Iedere controller heeft enkele dingen nodig om deftig te werken.</p>\r\n<p><img title=\"-- 5\" src=\"../data/images/85.JPG\" alt=\"-- 5\" /></p>\r\n<p>Wat u hier ziet zijn enkele imports (de require statements), een constructor (function CommentController), een export en een doRequest functie.&nbsp;</p>\r\n<p>Het meeste werk gebeurt in en rond de doRequest functie.</p>\r\n<h2>De DoRequest functie</h2>\r\n<p>Deze functie zal opgeroepen worden iedere keer de controller een request ontvangt. Vanuit deze functie kan u de request behandelen op de manier dat u wil, maar zorg ervoor dat u de finish methode oproept (met al dan niet als parameter de juiste view).</p>\r\n<p>U vraagt zich misschien af waarom we een variabele self maken, dit is om in callback en anonieme functies er zeker van te zijn dat we het juiste object aanspreken.</p>\r\n<p>Genoeg hierover, tijd om wat code toe te voegen en onze requests te behandelen.</p>\r\n<p><img title=\"-- 6\" src=\"../data/images/86.JPG\" alt=\"-- 6\" /></p>\r\n<p>Zoals u hierboven ziet maken we gebruik van de functie isRequest, de waarde hiervan is meestal afgeleid uit een form( bijvoorbeeld:&nbsp;<input type=\"&rdquo;hidden&rdquo;\" name=\"&rdquo;request&rdquo;\" value=\"&rdquo;submit&rdquo;/\" />). Of wat er na de URL geplaatst is (voorbeeld:&nbsp;instance <a href=\"http://codyweb.com/en/comment/submit\">http://codyweb.com/en/comment/submit</a>).</p>\r\n<h2>Gegevens uit de view halen</h2>\r\n<p>Als u een controller schrijft wil u gegevens van uw gebruikers ontvangen. Dus zullen we een form maken in het Commentablepage.ejs bestand.</p>\r\n<p>Om het simpel te houden kopi&euml;ren we de inhoud van index.ejs en plaatsen we onderstaande code tussen de main section en de footer.</p>\r\n<div id=\"comments\"><br /> &nbsp;&nbsp;&nbsp;&nbsp;&nbsp;&nbsp;&nbsp;&nbsp;&nbsp;&nbsp;<form id=\"commentForm\" action=\"/&lt;%=page.language%&gt;/&lt;%= page.itemId %&gt;\" method=\"post\"><br /> &nbsp;&nbsp;&nbsp;&nbsp;&nbsp;&nbsp;&nbsp;&nbsp;&nbsp; <input type=\"hidden\" name=\"request\" value=\"submit\" /><br /> &nbsp;&nbsp;&nbsp;&nbsp;&nbsp;&nbsp;&nbsp;&nbsp;&nbsp;&nbsp;&nbsp;&nbsp;&nbsp;&nbsp;&nbsp;\r\n<div><br /> &nbsp;&nbsp;&nbsp;&nbsp;&nbsp;&nbsp;&nbsp;&nbsp;&nbsp;&nbsp;&nbsp;&nbsp;&nbsp;&nbsp;&nbsp;&nbsp;&nbsp;&nbsp;&nbsp;&nbsp;&nbsp;&nbsp;&nbsp;&nbsp;&nbsp;&nbsp; <label>Your name</label><br /> &nbsp;&nbsp;&nbsp;&nbsp;&nbsp;&nbsp;&nbsp;&nbsp;&nbsp;&nbsp;&nbsp;&nbsp;&nbsp;&nbsp;&nbsp;&nbsp;&nbsp;&nbsp;&nbsp;&nbsp;&nbsp;&nbsp;&nbsp;&nbsp;&nbsp;&nbsp; <input type=\"text\" name=\"uName\" /><br /> &nbsp;&nbsp;&nbsp;&nbsp;&nbsp;&nbsp;&nbsp;&nbsp;&nbsp;&nbsp;&nbsp;&nbsp;&nbsp;&nbsp;</div>\r\n<br /> &nbsp;&nbsp;&nbsp;&nbsp;&nbsp;&nbsp;&nbsp;&nbsp;&nbsp;&nbsp;&nbsp;&nbsp;&nbsp;&nbsp;&nbsp;&nbsp;\r\n<div><br /> &nbsp;&nbsp;&nbsp;&nbsp;&nbsp;&nbsp;&nbsp;&nbsp;&nbsp;&nbsp;&nbsp;&nbsp;&nbsp;&nbsp;&nbsp;&nbsp;&nbsp;&nbsp;&nbsp;&nbsp;&nbsp;&nbsp;&nbsp;&nbsp;&nbsp; <label>Your message</label><br /> &nbsp;&nbsp;&nbsp;&nbsp;&nbsp;&nbsp;&nbsp;&nbsp;&nbsp;&nbsp;&nbsp;&nbsp;&nbsp;&nbsp;&nbsp;&nbsp;&nbsp;&nbsp;&nbsp;&nbsp;&nbsp;&nbsp;&nbsp;&nbsp;&nbsp; <textarea id=\"txtComment\" name=\"comment\" rows=\"5\" cols=\"100\"></textarea><br /> &nbsp;&nbsp;&nbsp;&nbsp;&nbsp;&nbsp;&nbsp;&nbsp;&nbsp;&nbsp;&nbsp;&nbsp;&nbsp;&nbsp;</div>\r\n<br /> &nbsp;&nbsp;&nbsp;&nbsp;&nbsp;&nbsp;&nbsp;&nbsp;&nbsp;&nbsp;&nbsp;&nbsp;&nbsp;&nbsp;\r\n<div><br /> &nbsp;&nbsp;&nbsp;&nbsp;&nbsp;&nbsp;&nbsp;&nbsp;&nbsp;&nbsp;&nbsp;&nbsp;&nbsp;&nbsp;&nbsp;&nbsp;&nbsp;&nbsp;&nbsp;&nbsp;&nbsp;&nbsp;&nbsp;&nbsp;&nbsp; <button id=\"doSubmit\">Submit</button><br /> &nbsp;&nbsp;&nbsp;&nbsp;&nbsp;&nbsp;&nbsp;&nbsp;&nbsp;&nbsp;&nbsp;&nbsp;</div>\r\n<br /> &nbsp;&nbsp;&nbsp;&nbsp;&nbsp;&nbsp;</form></div>\r\n<p>Zodat we het volgende te zien krijgen.</p>\r\n<p><img title=\"-- 7\" src=\"../data/images/87.JPG\" alt=\"-- 7\" /></p>\r\n<p>Als de gebruiker op de submit knop klikt zal de doRequest functie in onze controller opgeroepen worden. Laten we nu eens kijken naar wat code om de data uit deze request te halen hiervoor gebruiken we de getParam() functie.</p>\r\n<p>Om dit te illustreren in het volgende voorbeeld voegen we het volgende stukje code toe aan de doRequest() functie.</p>\r\n<p><img title=\"-- 8\" src=\"../data/images/88.JPG\" alt=\"-- 8\" /></p>\r\n<p>Laten we dit eens testen door een pagina aan te maken met het \"Commentable-page\" sjabloon</p>\r\n<p><img title=\"-- 9\" src=\"../data/images/89.JPG\" alt=\"-- 9\" /></p>\r\n<p>Vervolgens gaan we deze nieuwe pagina bekijken.</p>\r\n<p><img title=\"-- 10\" src=\"../data/images/90.JPG\" alt=\"-- 10\" /></p>\r\n<p>Vul wat data in en klik op de Submit knop.</p>\r\n<p>Als we in onze console kijken zien we wat de gebruiker gepost heeft.</p>\r\n<p><img title=\"-- 11\" src=\"../data/images/91.JPG\" alt=\"-- 11\" /></p>\r\n<h2>Data opslaan in een MySQL databank</h2>\r\n<p>We kunnen data krijgen van onze gebruikers, de volgende stap is om deze op te slaan. Een MySQL database is hiervoor de ideale locatie.</p>\r\n<p>Laten we eerst een tabel maken waar we onze data kunnen opslaan.</p>\r\n<p>Voer de volgende query uit in de database van de website:</p>\r\n<p>CREATE&nbsp; TABLE `empty`.`comment` (</p>\r\n<p>&nbsp; `idcomment` INT NOT NULL AUTO_INCREMENT ,</p>\r\n<p>&nbsp; `user` VARCHAR(45) NOT NULL DEFAULT \'anonymous\' ,</p>\r\n<p>&nbsp; `comment` TEXT NOT NULL ,</p>\r\n<p>&nbsp; `pageid` INT NOT NULL ,</p>\r\n<p>&nbsp; `time` DATETIME NOT NULL ,</p>\r\n<p>&nbsp; PRIMARY KEY (`idcomment`) );</p>\r\n<p>Nu hebben we onze data en onze database, tijd voor enkele query\'s. Om het overzichtelijk te houden declareren we enkele query\'s in de constructor van de controller</p>\r\n<p><img title=\"-- 12\" src=\"../data/images/92.JPG\" alt=\"-- 12\" /></p>\r\n<p>&nbsp;</p>\r\n<p>Vervolgens gaan we deze query\'s uitvoeren. Om een query uit te voeren kunnen we gebruik maken van de query functie uit de basisklasse van de controller.</p>\r\n<p>Syntax: query(query,parameters,callback).</p>\r\n<p>We zullen dit meteen illustreren met een voorbeeld. Hiervoor schrijven we een nieuwe functie AddNewComment.</p>\r\n<p><img title=\"-- 13\" src=\"../data/images/93.JPG\" alt=\"-- 13\" /></p>\r\n<p>Vervolgens passen we onze doRequest functie aan (en voegen een kleine getCurrentDateTime functie toe)</p>\r\n<p><img title=\"-- 14\" src=\"../data/images/94.JPG\" alt=\"-- 14\" /></p>\r\n<p>Als we nu een reactie achterlaten op onze pagina zal deze worden opgeslagen in onze database.</p>\r\n<p><img title=\"-- 15\" src=\"../data/images/95.JPG\" alt=\"-- 15\" /></p>\r\n<p>Zoals u ziet werkt dit.</p>\r\n<p>Nu hebben we data in onze database gestopt, nu moeten we ze er ook weer uithalen.</p>\r\n<h2>Data terug naar de pagina sturen</h2>\r\n<p>Om dit te illustreren gaan we eerst een functie schrijven dat de data uit de database haalt, deze in een variabele stopt en vervolgens de view teruggeeft.</p>\r\n<p><img title=\"-- 16\" src=\"../data/images/96.JPG\" alt=\"-- 16\" /></p>\r\n<p>Nu moeten we voor de laatste keer de doRequest functie aanpassen.</p>\r\n<p><img title=\"-- 17\" src=\"../data/images/97.JPG\" alt=\"-- 17\" /></p>\r\n<p>Vervolgens voegen we nog wat code toe aan Commentablepage.ejs.</p>\r\n<p><img title=\"-- 18\" src=\"../data/images/98.JPG\" alt=\"-- 18\" /></p>\r\n<p>Zoals u hier ziet staat er code tussen \"&lt;% %&gt;\", deze bevatten javascript. En als u goed kijkt ziet u ook \"&lt;%= %&gt;\"-tags staan, deze geven de waarde van een variabele weer.</p>\r\n<p>Als we nog wat CSS toevoegen krijgen we uiteindelijk het volgende resultaat.</p>\r\n<p><img title=\"-- 19\" src=\"../data/images/99.JPG\" alt=\"-- 19\" /></p>\r\n<p>Proficiat.</p>\r\n<p>U heeft uw eerste controller gemaakt.</p>\r\n<p>Als u enige problemen ondervind neem dan cotact op met het Cody team.</p>'),(190,148,'en',10,'N','T',0,'Text','<p>In this tutorial we will create a basic controller and a template in Cody. We&rsquo;re going to make a page where visitors can post a comment.</p>\r\n<h2>What do we need?</h2>\r\n<ul>\r\n<li>A custom controller</li>\r\n<li>A custom template</li>\r\n<li>A little bit of MySQL code</li>\r\n</ul>\r\n<h2>Let&rsquo;s get started</h2>\r\n<p>Start your favourite IDE (in this example we use WebStorm 6). And open the directory of your website.</p>\r\n<p>Create 2 new files <span style=\"text-decoration: underline;\">CommentController.js </span>&nbsp;in the controllers directory and <span style=\"text-decoration: underline;\">Commentablepage.ejs</span> in the views directory.</p>\r\n<p><img title=\"-- 1\" src=\"../data/images/81.JPG\" alt=\"-- 1\" /></p>\r\n<p>Now let&rsquo;s start by adding the new controller in the index.js file of the website.</p>\r\n<p>In the controllers array just add {name: \"CommentController\", controller: YourSiteName.EventController}.<br /> Like this:</p>\r\n<p><img title=\"-- 2\" src=\"../data/images/82.JPG\" alt=\"-- 2\" /></p>\r\n<p>You also need to export the controller from the controller folder, that is done by adding &ldquo;module.exports.CommentController = require(\"./CommentController.js\"); &ldquo; to the index.js file of the controllers directory in your website.</p>\r\n<p>Like this:</p>\r\n<p><img title=\"-- 3\" src=\"../data/images/83.JPG\" alt=\"-- 3\" /></p>\r\n<p>Next, we want to add our new template and controller to our database so the user can use our newly created template.</p>\r\n<p>In your MySQL editor navigate to the database of the website and execute the following query:</p>\r\n<p>INSERT INTO templates(name,description,controller,fn,maxnumber,system,defaultchild)<br /> VALUES (\'Commentable-page\',\'A page users can write comments\',\'CommentController\',\'Commentablepage.ejs\',0,\'N\',0)</p>\r\n<p>If you go to the dashboard of your website and add a new page, you will see that our new template is added to the list.</p>\r\n<p><img title=\"-- 4\" src=\"../data/images/84.JPG\" alt=\"-- 4\" /></p>\r\n<h2>Let&rsquo;s get rocking (coding)</h2>\r\n<p>Let&rsquo;s start with the controller.</p>\r\n<p>Every controller needs a few things to work properly.</p>\r\n<p><img title=\"-- 5\" src=\"../data/images/85.JPG\" alt=\"-- 5\" /></p>\r\n<p>What you see here is some imports (the require statements) a constructor (function CommentController), an export and a doRequest function.</p>\r\n<p>The most of the coding happens in the doRequest function or in some extra functions you write yourself.</p>\r\n<h2>The DoRequest function</h2>\r\n<p>This function will be called each time the controller receives a request, you can handle that request just the way you want. Just don&rsquo;t forget to call the finish method and give the correct view with it as a parameter.</p>\r\n<p>You might be wondering why we make a variable called self and then just assign this to it, this is to be sure of calling the wright object when we&rsquo;re in a callback-function.</p>\r\n<p>Let&rsquo;s start by adding some code to handle our requests. You can easily check the type of request by using the isRequest() function.</p>\r\n<p>Like this:</p>\r\n<p><img title=\"-- 6\" src=\"../data/images/86.JPG\" alt=\"-- 6\" /></p>\r\n<p>The value of isRequest() is mostly a value in a form (for instance <input type=\"&rdquo;hidden&rdquo;\" name=\"&rdquo;request&rdquo;\" value=\"&rdquo;submit&rdquo;/\" />).Or what is after the URL (for instance <a href=\"http://codyweb.com/en/comment/submit\">http://codyweb.com/en/comment/submit</a>).</p>\r\n<h3>Getting input from your page</h3>\r\n<p>When you write a controller you want input from your users, so how do you get the input from a form into your controller. Let&rsquo;s start by creating a form in the Commentablepage.ejs file.</p>\r\n<p>Start off by copying the index.ejs file to the commentablepage.ejs and add this code to it between the main section and the footer.</p>\r\n<div id=\"comments\"><br /> &nbsp;&nbsp;&nbsp;&nbsp;&nbsp;&nbsp;&nbsp;&nbsp;&nbsp;&nbsp;<form id=\"commentForm\" action=\"/&lt;%=page.language%&gt;/&lt;%= page.itemId %&gt;\" method=\"post\"><br /> &nbsp;&nbsp;&nbsp;&nbsp;&nbsp;&nbsp;&nbsp;&nbsp;&nbsp; <input type=\"hidden\" name=\"request\" value=\"submit\" /><br /> &nbsp;&nbsp;&nbsp;&nbsp;&nbsp;&nbsp;&nbsp;&nbsp;&nbsp;&nbsp;&nbsp;&nbsp;&nbsp;&nbsp;&nbsp;\r\n<div><br /> &nbsp;&nbsp;&nbsp;&nbsp;&nbsp;&nbsp;&nbsp;&nbsp;&nbsp;&nbsp;&nbsp;&nbsp;&nbsp;&nbsp;&nbsp;&nbsp;&nbsp;&nbsp;&nbsp;&nbsp;&nbsp;&nbsp;&nbsp;&nbsp;&nbsp;&nbsp; <label>Your name</label><br /> &nbsp;&nbsp;&nbsp;&nbsp;&nbsp;&nbsp;&nbsp;&nbsp;&nbsp;&nbsp;&nbsp;&nbsp;&nbsp;&nbsp;&nbsp;&nbsp;&nbsp;&nbsp;&nbsp;&nbsp;&nbsp;&nbsp;&nbsp;&nbsp;&nbsp;&nbsp; <input type=\"text\" name=\"uName\" /><br /> &nbsp;&nbsp;&nbsp;&nbsp;&nbsp;&nbsp;&nbsp;&nbsp;&nbsp;&nbsp;&nbsp;&nbsp;&nbsp;&nbsp;</div>\r\n<br /> &nbsp;&nbsp;&nbsp;&nbsp;&nbsp;&nbsp;&nbsp;&nbsp;&nbsp;&nbsp;&nbsp;&nbsp;&nbsp;&nbsp;&nbsp;&nbsp;\r\n<div><br /> &nbsp;&nbsp;&nbsp;&nbsp;&nbsp;&nbsp;&nbsp;&nbsp;&nbsp;&nbsp;&nbsp;&nbsp;&nbsp;&nbsp;&nbsp;&nbsp;&nbsp;&nbsp;&nbsp;&nbsp;&nbsp;&nbsp;&nbsp;&nbsp;&nbsp; <label>Your message</label><br /> &nbsp;&nbsp;&nbsp;&nbsp;&nbsp;&nbsp;&nbsp;&nbsp;&nbsp;&nbsp;&nbsp;&nbsp;&nbsp;&nbsp;&nbsp;&nbsp;&nbsp;&nbsp;&nbsp;&nbsp;&nbsp;&nbsp;&nbsp;&nbsp;&nbsp; <textarea id=\"txtComment\" name=\"comment\" rows=\"5\" cols=\"100\"></textarea><br /> &nbsp;&nbsp;&nbsp;&nbsp;&nbsp;&nbsp;&nbsp;&nbsp;&nbsp;&nbsp;&nbsp;&nbsp;&nbsp;&nbsp;</div>\r\n<br /> &nbsp;&nbsp;&nbsp;&nbsp;&nbsp;&nbsp;&nbsp;&nbsp;&nbsp;&nbsp;&nbsp;&nbsp;&nbsp;&nbsp;\r\n<div><br /> &nbsp;&nbsp;&nbsp;&nbsp;&nbsp;&nbsp;&nbsp;&nbsp;&nbsp;&nbsp;&nbsp;&nbsp;&nbsp;&nbsp;&nbsp;&nbsp;&nbsp;&nbsp;&nbsp;&nbsp;&nbsp;&nbsp;&nbsp;&nbsp;&nbsp; <button id=\"doSubmit\">Submit</button><br /> &nbsp;&nbsp;&nbsp;&nbsp;&nbsp;&nbsp;&nbsp;&nbsp;&nbsp;&nbsp;&nbsp;&nbsp;</div>\r\n<br /> &nbsp;&nbsp;&nbsp;&nbsp;&nbsp;&nbsp;</form></div>\r\n<p>Like this:</p>\r\n<p><img title=\"-- 7\" src=\"../data/images/87.JPG\" alt=\"-- 7\" /></p>\r\n<p>When the user will click the submit button the doRequest function of our controller will be called, now let&rsquo;s look at some code to get the data out of the request.</p>\r\n<p>Getting data out of your request is very easy, just use the getParam() function of the controller object and you&rsquo;re good to go, let&rsquo;s try it out.</p>\r\n<p>In the doRequest() function of our CommentController add the following piece of code.</p>\r\n<p><img title=\"-- 8\" src=\"../data/images/88.JPG\" alt=\"-- 8\" /></p>\r\n<p>Let&rsquo;s give it a try first. Start by adding a page with our &ldquo;Commentable-page&rdquo; template</p>\r\n<p><img title=\"-- 9\" src=\"../data/images/89.JPG\" alt=\"-- 9\" /></p>\r\n<p>Next we will visit our newly made page.</p>\r\n<p><img title=\"-- 10\" src=\"../data/images/90.JPG\" alt=\"-- 10\" /></p>\r\n<p>Fill in some data and click the Submit button.</p>\r\n<p>Now if we look in our console we will see what the user&nbsp; has posted.</p>\r\n<p><img title=\"-- 11\" src=\"../data/images/91.JPG\" alt=\"-- 11\" /></p>\r\n<h3>Storing data in a MySQL database</h3>\r\n<p>Now that we can get data from our users, we need to store it, what better place to do it then a MySQL database?</p>\r\n<p>Let&rsquo;s start with creating a new table where we can store our data.</p>\r\n<p>In the database of your website execute this query:<br /> <span style=\"color: #0000ff;\">CREATE&nbsp; TABLE `empty`.`comment` (</span></p>\r\n<p><span style=\"color: #0000ff;\">&nbsp; `idcomment` INT NOT NULL AUTO_INCREMENT ,</span></p>\r\n<p><span style=\"color: #0000ff;\">&nbsp; `user` VARCHAR(45) NOT NULL DEFAULT \'anonymous\' ,</span></p>\r\n<p><span style=\"color: #0000ff;\">&nbsp; `comment` TEXT NOT NULL ,</span></p>\r\n<p><span style=\"color: #0000ff;\">&nbsp; `pageid` INT NOT NULL ,</span></p>\r\n<p><span style=\"color: #0000ff;\">&nbsp; `time` DATETIME NOT NULL ,</span></p>\r\n<p><span style=\"color: #0000ff;\">&nbsp; PRIMARY KEY (`idcomment`) );</span></p>\r\n<p>We have our data and our database, let&rsquo;s start querying. We will declare these queries in the constructor of our controller.</p>\r\n<p>Like this:</p>\r\n<p><img title=\"-- 12\" src=\"../data/images/92.JPG\" alt=\"-- 12\" width=\"717\" height=\"150\" /></p>\r\n<p>Now that we have our queries, how can we use them? Well, we use the query method from the controller base class.</p>\r\n<p>The query function has a simple syntax: query(query,parameters,callback). Let&rsquo;s try it out.</p>\r\n<p>We are going to write a new function addNewComment</p>\r\n<p>Like this:</p>\r\n<p><img title=\"-- 13\" src=\"../data/images/93.JPG\" alt=\"-- 13\" /></p>\r\n<p>And edit our doRequest function (and add a getCurrendDateTime function)</p>\r\n<p>Like this:</p>\r\n<p><img title=\"-- 14\" src=\"../data/images/94.JPG\" alt=\"-- 14\" /></p>\r\n<p>Now if we submit another comment on our website it should be inserted in our database let&rsquo;s check it out.</p>\r\n<p><img title=\"-- 15\" src=\"../data/images/95.JPG\" alt=\"-- 15\" /></p>\r\n<p>Now that we can put data in our database, it is time to get it back out.</p>\r\n<h2>Sending data to your page</h2>\r\n<p>First we will write a function that gets the data from the database, stuffs it in a variable and returns the view, then we will modify the view to display that data.</p>\r\n<p>Like this:</p>\r\n<p><img title=\"-- 16\" src=\"../data/images/96.JPG\" alt=\"-- 16\" /></p>\r\n<p>And then we modify the doRequest method for the last time</p>\r\n<p>Like this:</p>\r\n<p><img title=\"-- 17\" src=\"../data/images/97.JPG\" alt=\"-- 17\" /></p>\r\n<p>As you see we replaced the finish function of AddnewComment with our new doList function.</p>\r\n<p>Now it is time to edit our view so we can display the comments.</p>\r\n<p>In the Commentablepage.ejs file we append some code after our form.</p>\r\n<p>Like this:</p>\r\n<p><img title=\"-- 18\" src=\"../data/images/98.JPG\" alt=\"-- 18\" /></p>\r\n<p>Don&rsquo;t be scared about the &ldquo;&lt;% %&gt;&rdquo;-tags they just contain JavaScript and a &ldquo;&lt;%= %&gt;&rdquo;-tag will display the value of that variable.</p>\r\n<p>And with some additional CSS styling you will see this result.</p>\r\n<p><img title=\"-- 19\" src=\"../data/images/99.JPG\" alt=\"-- 19\" /></p>\r\n<p>Congratulations.</p>\r\n<p>You have made your first controller !!</p>\r\n<p>If you have any problems please contact the Cody team.</p>'),(207,110,'nl',10,'Y','S',0,'banner','Maak je eigen webapplicatie of site<br>\r\nmet Javascript, Cody en Node.js'),(208,110,'en',20,'Y','S',0,'why','WHY CODY?'),(209,110,'en',10,'Y','S',0,'banner','Create your own web environment in<br>\r\nJavascript with Cody and Node.js'),(210,170,'en',20,'N','S',0,'String','<iframe width=\"560\" height=\"315\" src=\"//www.youtube.com/embed/2I33k8vV3Sk?rel=0&autoplay=1\" frameborder=\"0\" allowfullscreen></iframe>'),(195,151,'en',10,'N','T',0,'Text','<p><span>All data is stored in an SQL backing store which is read at startup time into memory. The SQL database and the Javascript models are very similar. Below a simplified schematic overview.</span></p>\r\n<p><span><img title=\"-- Datastructures\" src=\"../data/images/105.JPG\" alt=\"-- Datastructures\" /></span></p>'),(196,151,'en',20,'N','T',0,'Text','<p>Below the basic SQL tables. A PDF file is provided for printing or hiRes viewing.</p>\r\n<p><img title=\"-- SQL Schema\" src=\"../data/images/106.JPG\" alt=\"-- SQL Schema\" /></p>'),(194,151,'nl',10,'N','T',0,'Text','<p>Alle data wordt bewaard in een SQL databank, deze wordt <span>eenmalig&nbsp;</span>in RAM geheugen ingelezen bij het opstarten van de applicatie. De SQL databbank en de Javascript modellen gelijken heel sterk op elkaar. Hieronder een gesimplifieerd schema.</p>\r\n<p><img title=\"-- Datastructures\" src=\"../data/images/105.JPG\" alt=\"-- Datastructures\" /></p>'),(197,151,'en',30,'N','F',108,'File',''),(198,151,'nl',20,'N','T',0,'Text','<p>Hieronder het SQL schema van de belangrijkste tabellen. Tevens meegeleverd als PDF file met betere resolutie.</p>\r\n<p><img title=\"-- SQL Schema\" src=\"../data/images/106.JPG\" alt=\"-- SQL Schema\" /></p>'),(199,151,'nl',30,'N','F',108,'File',''),(200,140,'en',10,'Y','T',0,'Text','<p>Thanks for your questions. We\'ll try to answer it as soon as possible.</p>\r\n<p>The Cody Team.</p>'),(201,140,'nl',10,'Y','T',0,'Text','<p>Dank U voor uw vraag. We proberen ze zo snel mogelijk te beantwoorden.</p>\r\n<p>Het Cody Team.</p>'),(202,110,'nl',50,'N','I',112,'Image',''),(203,110,'en',30,'N','I',112,'Image',''),(204,110,'en',40,'N','I',113,'Image',''),(205,110,'nl',60,'N','I',113,'Image','');
/*!40000 ALTER TABLE `content` ENABLE KEYS */;
UNLOCK TABLES;

--
-- Table structure for table `data`
--

DROP TABLE IF EXISTS `data`;
/*!40101 SET @saved_cs_client     = @@character_set_client */;
/*!40101 SET character_set_client = utf8 */;
CREATE TABLE `data` (
  `id` int(11) NOT NULL AUTO_INCREMENT,
  `atom` int(11) NOT NULL DEFAULT '0',
  `data` text,
  `status` char(1) NOT NULL DEFAULT 'S',
  `created` datetime NOT NULL,
  `modified` datetime DEFAULT NULL,
  PRIMARY KEY (`id`)
) ENGINE=InnoDB AUTO_INCREMENT=3 DEFAULT CHARSET=utf8;
/*!40101 SET character_set_client = @saved_cs_client */;

--
-- Dumping data for table `data`
--

LOCK TABLES `data` WRITE;
/*!40000 ALTER TABLE `data` DISABLE KEYS */;
INSERT INTO `data` VALUES (1,67,'{\"Naam\":\"Johan\",\"email\":\"johan577@mac.com\",\"Vraag\":\"Ik weet helemaal niet wat vragen...\"}','N','2013-09-22 21:20:06',NULL),(2,67,'{\"Naam\":\"johan\",\"email\":\"johan577@mac.com\",\"Vraag\":\"ik weet gewoonweg niets... (zelfs geen vragen)\"}','N','2013-09-22 21:41:09',NULL);
/*!40000 ALTER TABLE `data` ENABLE KEYS */;
UNLOCK TABLES;

--
-- Table structure for table `domains`
--

DROP TABLE IF EXISTS `domains`;
/*!40101 SET @saved_cs_client     = @@character_set_client */;
/*!40101 SET character_set_client = utf8 */;
CREATE TABLE `domains` (
  `id` varchar(32) NOT NULL DEFAULT '',
  `name` varchar(32) DEFAULT '?'
) ENGINE=InnoDB DEFAULT CHARSET=utf8;
/*!40101 SET character_set_client = @saved_cs_client */;

--
-- Dumping data for table `domains`
--

LOCK TABLES `domains` WRITE;
/*!40000 ALTER TABLE `domains` DISABLE KEYS */;
INSERT INTO `domains` VALUES ('admin','Admin'),('cms','CMS Users'),('user','Users');
/*!40000 ALTER TABLE `domains` ENABLE KEYS */;
UNLOCK TABLES;

--
-- Table structure for table `items`
--

DROP TABLE IF EXISTS `items`;
/*!40101 SET @saved_cs_client     = @@character_set_client */;
/*!40101 SET character_set_client = utf8 */;
CREATE TABLE `items` (
  `id` int(11) NOT NULL AUTO_INCREMENT,
  `name` varchar(32) NOT NULL DEFAULT '',
  `parent` int(11) NOT NULL DEFAULT '0',
  `user` int(11) DEFAULT '0',
  `template` int(11) NOT NULL DEFAULT '1',
  `orderby` char(1) DEFAULT 'A',
  `sortorder` int(11) DEFAULT '0',
  `dated` date DEFAULT '0000-00-00',
  `validfrom` datetime NOT NULL DEFAULT '0000-00-00 00:00:00',
  `validto` datetime NOT NULL DEFAULT '0000-00-00 00:00:00',
  `showcontent` char(1) DEFAULT 'Y',
  `needslogin` char(1) DEFAULT 'N',
  `defaultrequest` varchar(32) DEFAULT '',
  `alloweddomains` varchar(128) NOT NULL DEFAULT '',
  PRIMARY KEY (`id`),
  KEY `parent_idx` (`parent`)
) ENGINE=InnoDB AUTO_INCREMENT=171 DEFAULT CHARSET=utf8;
/*!40101 SET character_set_client = @saved_cs_client */;

--
-- Dumping data for table `items`
--

LOCK TABLES `items` WRITE;
/*!40000 ALTER TABLE `items` DISABLE KEYS */;
INSERT INTO `items` VALUES (1,'Website',-1,1,100,'M',100,'2010-01-01','2010-01-01 00:00:00','2100-01-01 00:00:00','S','N','',''),(2,'Login',3,1,2,'A',99,'2010-01-01','2010-01-01 00:00:00','2100-01-01 00:00:00','Y','N','',''),(3,'Pages',-1,1,100,'M',0,'2010-01-01','2010-01-01 00:00:00','2100-01-01 00:00:00','Y','Y','',''),(4,'Footer',-1,1,100,'M',0,'2010-01-01','2010-01-01 00:00:00','2100-01-01 00:00:00','Y','Y','',''),(9,'Dashboard',-1,1,9,'M',0,'2010-01-01','2010-01-01 00:00:00','2100-01-01 00:00:00','Y','Y','',''),(10,'CMS',9,1,2,'M',10,'2010-01-01','2010-01-01 00:00:00','2100-01-01 00:00:00','S','Y','',''),(11,'CMS - Page',10,1,11,'A',10,'2010-01-01','2010-01-01 00:00:00','2100-01-01 00:00:00','Y','Y','',''),(12,'CMS - Images',10,1,12,'A',20,'2010-01-01','2010-01-01 00:00:00','2100-01-01 00:00:00','Y','Y','',''),(13,'CMS - Files',10,1,13,'A',30,'2010-01-01','2010-01-01 00:00:00','2100-01-01 00:00:00','Y','Y','',''),(14,'CMS - Forms',10,1,14,'A',40,'2010-01-01','2010-01-01 00:00:00','2100-01-01 00:00:00','Y','Y','',''),(15,'CMS - Users',10,1,15,'A',50,'2010-01-01','2010-01-01 00:00:00','2100-01-01 00:00:00','Y','Y','list',''),(16,'CMS - Templates',10,1,16,'A',60,'2010-01-01','2010-01-01 00:00:00','2100-01-01 00:00:00','Y','Y','list',''),(17,'CMS - System',10,1,17,'A',70,'2010-01-01','2010-01-01 00:00:00','2100-01-01 00:00:00','Y','Y','',''),(20,'Administration',9,1,2,'M',10,'2010-01-01','2010-01-01 00:00:00','2100-01-01 00:00:00','S','Y','',''),(21,'Admin - Forms',20,1,18,'A',10,'2010-01-01','2010-01-01 00:00:00','2100-01-01 00:00:00','Y','Y','',''),(22,'Admin - Comments',20,1,19,'A',10,'2010-01-01','2010-01-01 00:00:00','2100-01-01 00:00:00','Y','Y','',''),(97,'Privacy Verklaring',4,1,100,'A',0,'2010-01-01','2010-01-01 00:00:00','2100-01-01 00:00:00','Y','N','',''),(98,'Disclaimer',4,1,100,'A',0,'2010-01-01','2010-01-01 00:00:00','2100-01-01 00:00:00','Y','N','',''),(99,'Global',3,1,100,'A',0,'2010-01-01','2010-01-01 00:00:00','2100-01-01 00:00:00','Y','N','',''),(110,'Home',1,1,101,'M',10,'2013-09-01','2010-01-02 00:00:00','2100-01-02 00:00:00','Y',NULL,'list',''),(111,'UserFriendly',110,1,100,'A',10,'2013-06-14','2013-06-14 00:00:00','2101-01-31 00:00:00','Y',NULL,'',''),(112,'Node',110,1,100,'A',20,'2013-06-14','2013-06-14 00:00:00','2101-01-31 00:00:00','Y',NULL,'',''),(113,'OpenSource',110,1,100,'A',30,'2013-06-14','2013-06-14 00:00:00','2101-01-31 00:00:00','Y',NULL,'',''),(114,'Hosting',110,1,100,'A',40,'2013-06-14','2013-06-14 00:00:00','2101-01-31 00:00:00','Y',NULL,'list',''),(120,'About',1,1,100,'M',20,'2013-06-14','2013-06-14 00:00:00','2101-01-31 00:00:00','S',NULL,'list',''),(130,'Documentation',1,1,107,'M',30,'2013-06-14','2013-06-14 00:00:00','2101-01-31 00:00:00','S',NULL,'list',''),(140,'ContactUs',1,1,100,'A',50,'2013-06-14','2013-06-14 00:00:00','2101-01-31 00:00:00','Y',NULL,'list',''),(141,'New item',1,1,100,'M',60,'2013-09-01','2010-01-02 00:00:00','2100-01-02 00:00:00','Y',NULL,'list',''),(144,'New item',141,12,104,'M',5,'2013-07-14','2013-07-14 00:00:00','2101-01-31 00:00:00','Y',NULL,'list',''),(145,'Create Site',1,1,105,'M',70,'2013-09-01','2010-01-02 00:00:00','2100-01-02 00:00:00','Y',NULL,'list',''),(146,'Styles',10,1,106,'M',80,'2013-08-31','2013-08-31 16:52:21','2020-10-10 00:00:00','Y','Y','list',''),(147,'Create a website',130,1,100,'A',90,'2013-09-02','2013-09-02 00:00:00','2101-01-31 00:00:00','Y',NULL,'list',''),(148,'A Controller',130,1,100,'A',80,'2013-09-02','2013-09-02 00:00:00','2101-01-31 00:00:00','Y',NULL,'list',''),(150,'A View',130,1,100,'A',100,'2013-09-02','2013-09-02 00:00:00','2101-01-31 00:00:00','Y',NULL,'list',''),(151,'The Database',130,1,100,'A',70,'2013-09-02','2013-09-02 00:00:00','2101-01-31 00:00:00','Y',NULL,'list',''),(152,'Contributors',120,1,107,'A',10,'2013-09-02','2013-09-02 00:00:00','2101-01-31 00:00:00','Y',NULL,'list',''),(153,'New item',120,1,100,'A',20,'2013-09-02','2013-09-02 00:00:00','2101-01-31 00:00:00','Y',NULL,'list',''),(154,'Laurens',152,1,100,'A',40,'2013-09-02','2013-09-02 00:00:00','2101-01-31 00:00:00','Y',NULL,'list',''),(155,'Dieter',152,1,100,'A',10,'2013-09-02','2013-09-02 00:00:00','2101-01-31 00:00:00','Y',NULL,'list',''),(156,'Yanic',152,1,100,'A',70,'2013-09-02','2013-09-02 00:00:00','2101-01-31 00:00:00','Y',NULL,'list',''),(157,'Johan',152,1,100,'A',30,'2013-09-02','2013-09-02 00:00:00','2101-01-31 00:00:00','Y',NULL,'list',''),(158,'Tim',152,1,100,'A',60,'2013-09-02','2013-09-02 00:00:00','2101-01-31 00:00:00','Y',NULL,'list',''),(159,'Jelle',152,1,100,'A',20,'2013-09-02','2013-09-02 00:00:00','2101-01-31 00:00:00','Y',NULL,'list',''),(161,'Basis',130,3,100,'A',10,'2013-09-10','2013-09-10 00:00:00','2101-01-31 00:00:00','Y',NULL,'list',''),(163,'Pagina\'s beheren',130,3,107,'A',20,'2013-09-10','2013-09-10 00:00:00','2101-01-31 00:00:00','Y',NULL,'list',''),(164,'Pagina\'s bewerken',130,3,100,'M',30,'2013-09-10','2013-09-10 00:00:00','2101-01-31 00:00:00','Y',NULL,'list',''),(166,'Afbeeldingen beheren',130,1,100,'M',40,'2013-09-11','2013-09-11 00:00:00','2101-01-31 00:00:00','Y',NULL,'list',''),(167,'Bestanden beheren',130,1,100,'M',50,'2013-09-11','2013-09-11 00:00:00','2101-01-31 00:00:00','Y',NULL,'list',''),(168,'Gebruikers beheren',130,1,100,'A',60,'2013-09-11','2013-09-11 00:00:00','2101-01-31 00:00:00','Y',NULL,'list',''),(170,'Not Found',3,1,100,'M',5,'2013-09-25','2013-09-25 00:00:00','2101-01-31 00:00:00','Y',NULL,'list','');
/*!40000 ALTER TABLE `items` ENABLE KEYS */;
UNLOCK TABLES;

--
-- Table structure for table `languages`
--

DROP TABLE IF EXISTS `languages`;
/*!40101 SET @saved_cs_client     = @@character_set_client */;
/*!40101 SET character_set_client = utf8 */;
CREATE TABLE `languages` (
  `id` varchar(4) NOT NULL DEFAULT '',
  `name` varchar(32) DEFAULT '',
  `sortorder` int(11) DEFAULT NULL,
  PRIMARY KEY (`id`)
) ENGINE=InnoDB DEFAULT CHARSET=utf8;
/*!40101 SET character_set_client = @saved_cs_client */;

--
-- Dumping data for table `languages`
--

LOCK TABLES `languages` WRITE;
/*!40000 ALTER TABLE `languages` DISABLE KEYS */;
INSERT INTO `languages` VALUES ('en','English',1),('nl','Nederlands',2);
/*!40000 ALTER TABLE `languages` ENABLE KEYS */;
UNLOCK TABLES;

--
-- Table structure for table `levels`
--

DROP TABLE IF EXISTS `levels`;
/*!40101 SET @saved_cs_client     = @@character_set_client */;
/*!40101 SET character_set_client = utf8 */;
CREATE TABLE `levels` (
  `id` int(11) DEFAULT NULL,
  `name` varchar(32) DEFAULT NULL
) ENGINE=InnoDB DEFAULT CHARSET=utf8;
/*!40101 SET character_set_client = @saved_cs_client */;

--
-- Dumping data for table `levels`
--

LOCK TABLES `levels` WRITE;
/*!40000 ALTER TABLE `levels` DISABLE KEYS */;
INSERT INTO `levels` VALUES (2,'user'),(50,'admin'),(99,'super');
/*!40000 ALTER TABLE `levels` ENABLE KEYS */;
UNLOCK TABLES;

--
-- Table structure for table `pages`
--

DROP TABLE IF EXISTS `pages`;
/*!40101 SET @saved_cs_client     = @@character_set_client */;
/*!40101 SET character_set_client = utf8 */;
CREATE TABLE `pages` (
  `item` int(11) NOT NULL DEFAULT '0',
  `language` varchar(2) NOT NULL DEFAULT '',
  `title` varchar(255) DEFAULT NULL,
  `link` varchar(255) DEFAULT NULL,
  `active` char(1) DEFAULT 'Y',
  `keywords` varchar(255) DEFAULT '',
  `description` varchar(255) DEFAULT '',
  `created` datetime DEFAULT '0000-00-00 00:00:00',
  `updated` datetime DEFAULT '0000-00-00 00:00:00',
  PRIMARY KEY (`item`,`language`)
) ENGINE=InnoDB DEFAULT CHARSET=utf8;
/*!40101 SET character_set_client = @saved_cs_client */;

--
-- Dumping data for table `pages`
--

LOCK TABLES `pages` WRITE;
/*!40000 ALTER TABLE `pages` DISABLE KEYS */;
INSERT INTO `pages` VALUES (1,'en','Website','welcome','Y','','','2010-01-01 00:00:00','2013-01-23 10:40:29'),(1,'nl','Website','welcome','Y','','','2010-01-01 00:00:00','2013-01-23 10:40:29'),(2,'en','Login','login','Y','','','2010-01-01 00:00:00','2010-01-01 00:00:00'),(2,'nl','Login','login','Y','','','2010-01-01 00:00:00','2010-01-01 00:00:00'),(3,'en','Pages','','Y','','','2010-01-01 00:00:00','2010-01-01 00:00:00'),(3,'nl','Pages','','Y','','','2010-01-01 00:00:00','2010-01-01 00:00:00'),(4,'en','Footer','','Y','','','2010-01-01 00:00:00','2010-01-01 00:00:00'),(4,'nl','Footer','','Y','','','2010-01-01 00:00:00','2010-01-01 00:00:00'),(9,'en','Dashboard','dashboard','Y','','','2010-01-01 00:00:00','2010-01-01 00:00:00'),(9,'nl','Dashboard','dashboard','Y','','','2010-01-01 00:00:00','2010-01-01 00:00:00'),(10,'en','Website CMS','cms','Y','','','2010-01-01 00:00:00','2010-01-01 00:00:00'),(10,'nl','Website CMS','cms','Y','','','2010-01-01 00:00:00','2010-01-01 00:00:00'),(11,'en','Structure','pages','Y','','','2010-01-01 00:00:00','2010-01-01 00:00:00'),(11,'nl','Structuur','pages','Y','','','2010-01-01 00:00:00','2010-01-01 00:00:00'),(12,'en','Images','images','Y','','','2010-01-01 00:00:00','2010-01-01 00:00:00'),(12,'nl','Beelden','images','Y','','','2010-01-01 00:00:00','2010-01-01 00:00:00'),(13,'en','Files','files','Y','','','2010-01-01 00:00:00','2010-01-01 00:00:00'),(13,'nl','Bestanden','files','Y','','','2010-01-01 00:00:00','2010-01-01 00:00:00'),(14,'en','Forms','forms','Y','','','2010-01-01 00:00:00','2010-01-01 00:00:00'),(14,'nl','Formulieren','forms','Y','','','2010-01-01 00:00:00','2010-01-01 00:00:00'),(15,'en','Users','users','Y','','','2010-01-01 00:00:00','2010-01-01 00:00:00'),(15,'nl','Gebruikers','users','Y','','','2010-01-01 00:00:00','2010-01-01 00:00:00'),(16,'en','Templates','templates','Y','','','2010-01-01 00:00:00','2010-01-01 00:00:00'),(16,'nl','Sjablonen','templates','Y','','','2010-01-01 00:00:00','2010-01-01 00:00:00'),(17,'en','System','system','Y','','','2010-01-01 00:00:00','2010-01-01 00:00:00'),(17,'nl','Systeem','system','Y','','','2010-01-01 00:00:00','2010-01-01 00:00:00'),(20,'en','Administration','admin','Y','','','2010-01-01 00:00:00','2010-01-01 00:00:00'),(20,'nl','Beheer','admin','Y','','','2010-01-01 00:00:00','2010-01-01 00:00:00'),(21,'en','Forms','data','Y','','','2010-01-01 00:00:00','2010-01-01 00:00:00'),(21,'nl','Formulieren','data','Y','','','2010-01-01 00:00:00','2010-01-01 00:00:00'),(22,'en','Comments','comments','Y','','','2010-01-01 00:00:00','2010-01-01 00:00:00'),(22,'nl','Commentaar','comments','Y','','','2010-01-01 00:00:00','2010-01-01 00:00:00'),(97,'en','Privacy','privacy','Y','','','2010-01-01 00:00:00','2013-03-19 09:30:30'),(97,'nl','Privacy Verklaring','privacy','Y','','','2010-01-01 00:00:00','2013-03-19 09:30:30'),(98,'en','Disclaimer','disclaimer','Y','','','2010-01-01 00:00:00','2012-08-20 17:09:50'),(98,'nl','Disclaimer','disclaimer','Y','','','2010-01-01 00:00:00','2012-08-20 17:09:50'),(99,'en','Global','global','Y','','','2010-01-01 00:00:00','2012-08-15 22:02:59'),(99,'nl','Global','global','Y','','','2010-01-01 00:00:00','2012-08-15 22:02:59'),(110,'en','Home','info','Y','','','2010-01-01 00:00:00','2013-09-22 21:53:55'),(110,'nl','Home','info','Y','','','2010-01-01 00:00:00','2013-09-25 15:20:10'),(111,'en','User Friendly','','Y','','','2013-06-14 15:50:52','2013-06-14 16:00:03'),(111,'nl','Gebruiksvriendelijk','','Y','','','2013-06-14 15:50:52','2013-06-14 15:52:47'),(112,'en','Node.js','','Y','','','2013-06-14 15:50:27','2013-06-14 16:00:10'),(112,'nl','Node.js','','Y','','','2013-06-14 15:50:27','2013-06-14 15:53:36'),(113,'en','Open Source','','Y','','','2013-06-14 15:50:27','2013-06-14 16:00:10'),(113,'nl','Open Source','','Y','','','2013-06-14 15:50:27','2013-06-14 15:53:36'),(114,'en','Hosting','','Y','','','2013-06-14 15:50:27','2013-09-02 09:09:46'),(114,'nl','Hosting','','Y','','','2013-06-14 15:50:27','2013-06-14 15:53:36'),(120,'en','About','','Y','','','2013-06-14 16:03:10','2013-09-03 09:00:22'),(120,'nl','Over','','Y','','','2013-06-14 16:03:10','2013-09-02 10:23:39'),(130,'en','Documentation','','Y','','','2013-06-14 16:03:56','2013-09-10 15:20:14'),(130,'nl','Documentatie','','Y','','','2013-06-14 16:03:56','2013-09-11 16:26:23'),(140,'en','Contact','','Y','','','2013-06-14 16:03:56','2013-09-22 21:23:38'),(140,'nl','Contact','','Y','','','2013-06-14 16:03:56','2013-09-22 21:23:09'),(141,'en','Create site','','N','','','2013-07-14 13:48:27','2013-09-01 15:25:31'),(141,'nl','Site maken','','N','','','2013-07-14 13:48:27','2013-09-01 15:25:00'),(144,'en','Site created','','Y','','','2013-07-14 17:21:12','2013-07-14 17:28:37'),(144,'nl','Site aangemaakt','sitemakenresp','N','','','2013-07-14 17:21:12','2013-07-14 17:29:05'),(145,'en','Create Site','createsite','Y','','','2013-08-31 16:47:53','2013-09-02 21:09:22'),(145,'nl','Site maken','createsite','Y','','','2013-08-31 16:47:53','2013-08-31 16:48:34'),(146,'en','Styles','styles','Y','','','2013-08-31 16:51:15','2013-08-31 16:51:53'),(146,'nl','Stijlen','stijlen','Y','','','2013-08-31 16:51:15','2013-08-31 16:51:31'),(147,'en','Create a website','','Y','','','2013-09-02 09:10:29','2013-09-02 09:10:34'),(147,'nl','Maak een website','','Y','','','2013-09-02 09:10:29','2013-09-02 09:13:10'),(148,'en','Creating a custom controller','','Y','','','2013-09-02 09:10:39','2013-09-25 12:49:33'),(148,'nl','Een Controller maken','','Y','','','2013-09-02 09:10:39','2013-09-25 12:41:15'),(150,'en','Views - HTML and CSS','','Y','','','2013-09-02 09:11:29','2013-09-02 16:45:53'),(150,'nl','Views - HTML en CSS','','Y','','','2013-09-02 09:11:29','2013-09-02 16:46:07'),(151,'en','The Database','schema','Y','','','2013-09-02 09:11:55','2013-09-25 12:48:34'),(151,'nl','De databank','schema','Y','','','2013-09-02 09:11:55','2013-09-25 12:40:05'),(152,'en','Contributors','','Y','','','2013-09-02 09:14:28','2013-09-02 20:37:56'),(152,'nl','Contributors','','Y','','','2013-09-02 09:14:28','2013-09-02 20:37:46'),(153,'en','Cody','','Y','','','2013-09-02 10:23:48','2013-09-02 10:24:16'),(153,'nl','Cody','','Y','','','2013-09-02 10:23:48','2013-09-02 10:23:53'),(154,'en','Laurens','','Y','','','2013-09-02 10:49:18','2013-09-02 10:53:32'),(154,'nl','Laurens','','Y','','','2013-09-02 10:49:18','2013-09-02 10:49:44'),(155,'en','Dieter','','Y','','','2013-09-02 10:49:53','2013-09-02 11:17:54'),(155,'nl','Dieter','','Y','','','2013-09-02 10:49:53','2013-09-02 10:50:00'),(156,'en','Yanic','','Y','','','2013-09-02 10:51:30','2013-09-02 10:54:03'),(156,'nl','Yanic','','Y','','','2013-09-02 10:51:30','2013-09-02 10:58:27'),(157,'en','Johan','johan','Y','','','2013-09-02 10:51:50','2013-09-02 17:44:04'),(157,'nl','Johan','johan','Y','','','2013-09-02 10:51:50','2013-09-02 20:12:50'),(158,'en','Tim','','Y','','','2013-09-02 10:52:04','2013-09-02 20:37:08'),(158,'nl','Tim','','Y','','','2013-09-02 10:52:04','2013-09-02 20:37:25'),(159,'en','Jelle','jelle','Y','','','2013-09-02 20:38:01','2013-09-02 20:43:04'),(159,'nl','Jelle','jelle','Y','','','2013-09-02 20:38:01','2013-09-02 20:43:26'),(161,'en','Basics','','Y','','','2013-09-10 14:58:01','2013-09-25 14:59:25'),(161,'nl','Basis','','Y','','','2013-09-10 14:58:01','2013-09-25 12:37:08'),(163,'en','Managing pages','','Y','','','2013-09-10 15:04:47','2013-09-25 12:46:19'),(163,'nl','Pagina\'s beheren','','Y','','','2013-09-10 15:04:47','2013-09-25 12:44:13'),(164,'en','Editing a page','','Y','','','2013-09-10 15:42:15','2013-09-25 12:47:04'),(164,'nl','Pagina\'s bewerken','','Y','','','2013-09-10 15:42:15','2013-09-25 12:44:00'),(166,'en','Managing images','','Y','','','2013-09-11 09:58:27','2013-09-25 12:47:30'),(166,'nl','Afbeeldingen beheren','','Y','','','2013-09-11 09:58:27','2013-09-25 12:44:25'),(167,'en','Managing files','','Y','','','2013-09-11 10:44:46','2013-09-25 12:47:51'),(167,'nl','Bestanden beheren','','Y','','','2013-09-11 10:44:46','2013-09-25 12:44:51'),(168,'en','Managing users','','Y','','','2013-09-11 11:01:36','2013-09-25 12:48:07'),(168,'nl','Gebruikers beheren','','Y','','','2013-09-11 11:01:36','2013-09-25 12:39:34'),(170,'en','Not Found','notfound','Y','','','2013-09-25 16:26:48','2013-09-25 16:34:47'),(170,'nl','Pagina niet gevonden','notfound','Y','','','2013-09-25 16:26:48','2013-09-25 16:38:15');
/*!40000 ALTER TABLE `pages` ENABLE KEYS */;
UNLOCK TABLES;

--
-- Table structure for table `templates`
--

DROP TABLE IF EXISTS `templates`;
/*!40101 SET @saved_cs_client     = @@character_set_client */;
/*!40101 SET character_set_client = utf8 */;
CREATE TABLE `templates` (
  `id` int(11) NOT NULL AUTO_INCREMENT,
  `name` varchar(64) DEFAULT '',
  `controller` varchar(64) DEFAULT '',
  `fn` varchar(128) DEFAULT '',
  `allowedtemplates` varchar(255) DEFAULT '',
  `maxnumber` int(11) DEFAULT '99999',
  `system` char(1) DEFAULT 'N',
  `defaultchild` int(11) DEFAULT '0',
  `description` varchar(200) NOT NULL,
  PRIMARY KEY (`id`)
) ENGINE=InnoDB AUTO_INCREMENT=108 DEFAULT CHARSET=utf8;
/*!40101 SET character_set_client = @saved_cs_client */;

--
-- Dumping data for table `templates`
--

LOCK TABLES `templates` WRITE;
/*!40000 ALTER TABLE `templates` DISABLE KEYS */;
INSERT INTO `templates` VALUES (2,'Login','LoginController','login.ejs','',0,'Y',0,''),(9,'Dashboard','DashboardController','-/cms/dashboard.ejs','',0,'Y',0,''),(11,'CMS-Page','PageController','-/cms/pages.ejs','',0,'Y',0,''),(12,'CMS-Images','ImageController','-/cms/images.ejs','',0,'Y',0,''),(13,'CMS-Files','FileController','-/cms/files.ejs','',0,'Y',0,''),(14,'CMS-Forms','FormController','-/cms/forms.ejs','',0,'Y',0,''),(15,'CMS-Users','UserController','-/cms/users.ejs','',0,'Y',0,''),(16,'CMS-Templates','TemplateController','-/cms/templates.ejs','',0,'Y',0,''),(17,'CMS-System','SystemController','','',0,'Y',0,''),(18,'Admin-Forms','FormDataController','-/cms/forms-list.ejs','',0,'Y',18,'Incoming data from forms'),(19,'Admin-Comments','CommentController','-/cms/comments.ejs','',0,'N',19,'View approve, edit or trash comments'),(100,'Content','ContentController','page.ejs','',999,'N',100,''),(101,'Home','ContentController','index.ejs','',999,'N',100,''),(103,'CMS-Forms','FormDataController','-/cms/forms-list.ejs','0',0,'N',100,''),(104,'SiteCreationResponse','SiteCreationController','page.ejs','0',999,'N',104,''),(105,'SiteCreation','SiteCreationController','index.ejs','0',999,'N',0,'site creation template'),(106,'CMS-Styles','StylesController','-/cms/styles.ejs','0',999,'Y',0,''),(107,'Content with Intros','ContentController','intros.ejs','100',999,'N',100,'This view shows after its own content all intro\'s of the pages below');
/*!40000 ALTER TABLE `templates` ENABLE KEYS */;
UNLOCK TABLES;

--
-- Table structure for table `users`
--

DROP TABLE IF EXISTS `users`;
/*!40101 SET @saved_cs_client     = @@character_set_client */;
/*!40101 SET character_set_client = utf8 */;
CREATE TABLE `users` (
  `id` int(11) NOT NULL AUTO_INCREMENT,
  `username` varchar(128) NOT NULL DEFAULT '-',
  `name` varchar(128) NOT NULL DEFAULT '-',
  `password` char(64) DEFAULT NULL,
  `domain` varchar(32) NOT NULL DEFAULT '',
  `level` int(11) NOT NULL DEFAULT '0',
  `badlogins` int(11) NOT NULL DEFAULT '0',
  `maxbadlogins` int(11) NOT NULL DEFAULT '999',
  `active` char(1) NOT NULL DEFAULT 'Y',
  `email` varchar(128) NOT NULL DEFAULT '',
  `note` varchar(255) NOT NULL DEFAULT '',
  `nomail` char(1) NOT NULL DEFAULT 'N',
  `sortorder` int(11) NOT NULL DEFAULT '0',
  PRIMARY KEY (`id`),
  UNIQUE KEY `username_idx` (`username`,`active`)
) ENGINE=InnoDB AUTO_INCREMENT=12 DEFAULT CHARSET=utf8;
/*!40101 SET character_set_client = @saved_cs_client */;

--
-- Dumping data for table `users`
--

LOCK TABLES `users` WRITE;
/*!40000 ALTER TABLE `users` DISABLE KEYS */;
INSERT INTO `users` VALUES (1,'rsuper','rWorks Super','*7F056D2A1A5A65790F919D1BBA8895699CE62890','rWorks',99,0,99,'Y','johan577@mac.com','','N',0),(2,'radmin','rWorks Admin','*7F056D2A1A5A65790F919D1BBA8895699CE62890','rWorks',50,0,99,'Y','johan577@mac.com','','N',0),(3,'rtest','rWorks Test','*7F056D2A1A5A65790F919D1BBA8895699CE62890','rWorks',2,0,99,'Y','johan577@mac.com','','N',0),(11,'user','Mr. User Vaneigens','*7F056D2A1A5A65790F919D1BBA8895699CE62890','users',50,0,99,'Y','user@cody-cms.be','','N',10);
/*!40000 ALTER TABLE `users` ENABLE KEYS */;
UNLOCK TABLES;
/*!40103 SET TIME_ZONE=@OLD_TIME_ZONE */;

/*!40101 SET SQL_MODE=@OLD_SQL_MODE */;
/*!40014 SET FOREIGN_KEY_CHECKS=@OLD_FOREIGN_KEY_CHECKS */;
/*!40014 SET UNIQUE_CHECKS=@OLD_UNIQUE_CHECKS */;
/*!40101 SET CHARACTER_SET_CLIENT=@OLD_CHARACTER_SET_CLIENT */;
/*!40101 SET CHARACTER_SET_RESULTS=@OLD_CHARACTER_SET_RESULTS */;
/*!40101 SET COLLATION_CONNECTION=@OLD_COLLATION_CONNECTION */;
/*!40111 SET SQL_NOTES=@OLD_SQL_NOTES */;

-- Dump completed on 2013-09-25 17:13:11
